level_c,level_f,samples,scaler,method,MPE
0,1,1149,m,NET,1.6765180621991556
0,0,2048,m,NET,0.3466653247522177
1,2,645,m,NET,1.3787092804146706
2,3,362,m,NET,1.528491674748555
3,4,203,m,NET,2.258027461553088
4,5,114,m,NET,4.61260009718001
5,6,64,m,NET,7.217234666933936
