level_c,level_f,samples,scaler,method,MPE
0,1,287,m,NET,2.3922046246414634
0,0,512,m,NET,0.5614914482880512
1,2,161,m,NET,2.815839291262952
2,3,90,m,NET,2.896822482911732
3,4,50,m,NET,9.405046528380055
4,5,28,m,NET,14.555103936741903
5,6,16,m,NET,22.46247850511456
