level_c,level_f,samples,scaler,method,MPE
0,3,362,m,Mean,1.5977977483835515
0,0,1024,m,Ensemble,0.05893963121564156
3,6,128,m,Mean,2.1553171848287174
