level_c,level_f,samples,scaler,method,MPE
0,2,181,m,Mean,3.633605645585197
0,0,256,m,Mean,2.0155601042339577
2,3,152,m,Mean,7.081808439547989
3,4,128,m,Mean,7.456444428370447
