level_c,level_f,samples,scaler,method,MPE
0,1,203,m,Mean,2.1669716257309752
0,0,256,m,Mean,0.3535163144923483
1,2,161,m,Mean,2.010348222663407
2,3,128,m,Mean,2.678520774281654
3,4,101,m,Mean,2.0499508737828487
4,5,80,m,Mean,3.691740354818393
5,6,64,m,Mean,5.272595987397743
