level_c,level_f,samples,scaler,method,MPE
0,1,608,m,Ensemble,2.6878599725169705
0,0,1024,m,Ensemble,1.2448517107852641
1,2,362,m,Mean,5.219630206658282
2,3,215,m,Mean,5.810827786785366
3,4,128,m,Mean,7.456444428370447
