level_c,level_f,samples,scaler,method,MPE
0,3,90,m,NET,4.147745856816696
0,0,2048,m,NET,0.3466653247522177
3,6,4,m,NET,82.3883581885185
