level_c,level_f,samples,scaler,method,MPE
0,3,181,m,NET,2.320329235631265
0,0,512,m,NET,0.5614914482880512
3,6,64,m,NET,4.978082618855115
