level_c,level_f,samples,scaler,method,MPE
0,1,1149,m,Ensemble,1.3601477867433824
0,0,2048,m,Ensemble,0.035612394173760234
1,2,645,m,Ensemble,1.4828507833299653
2,3,362,m,Mean,1.840430094114558
3,4,203,m,Mean,1.4961146520783901
4,5,114,m,Mean,3.5291324202178376
5,6,64,m,Mean,5.186121655094981
