level_c,level_f,samples,scaler,method,MPE
0,3,512,m,Ensemble,1.1839252375006346
0,0,2048,m,Ensemble,0.03590617544023262
3,6,128,m,Mean,1.8245556403329637
