level_c,level_f,samples,scaler,method,MPE
0,1,574,m,NET,1.5943023596166999
0,0,1024,m,NET,0.4268686983011357
1,2,322,m,NET,1.5975599882652194
2,3,181,m,NET,2.9859111795905524
3,4,101,m,NET,3.7553319766455657
4,5,57,m,NET,5.834393507753048
5,6,32,m,NET,10.57278322196583
