level_c,level_f,samples,scaler,method,MPE
0,1,256,m,Mean,3.2658338521090853
0,0,512,m,Ensemble,1.5559801678685494
1,2,128,m,Mean,6.504524579593708
2,3,64,m,Mean,7.952523013654747
3,4,32,m,Mean,11.463325044783259
