level_c,level_f,samples,scaler,method,MPE
0,1,161,m,Mean,2.9583405994275833
0,0,256,m,Mean,0.4038536758713499
1,2,101,m,Mean,2.636300032246961
2,3,64,m,Mean,4.9995866027107825
3,4,40,m,Mean,5.08646320687967
4,5,25,m,Mean,13.956179500043445
5,6,16,m,Mean,19.852333656279516
