level_c,level_f,samples,scaler,method,MPE
0,2,32,m,Mean,7.691840478138837
0,0,256,m,Mean,2.0155601042339577
2,4,4,m,Mean,20.249215802251687
