level_c,level_f,samples,scaler,method,MPE
0,6,32,m,NET,12.231199933768835
0,0,256,m,NET,0.638414645772956
