level_c,level_f,samples,scaler,method,MPE
0,2,45,m,Mean,5.330523136922216
0,0,256,m,Mean,2.0155601042339577
2,3,19,m,Mean,14.884971530812141
3,4,8,m,Mean,17.82518477921559
