level_c,level_f,samples,scaler,method,MPE
0,1,107,m,Mean,5.485497026128923
0,0,256,m,Mean,1.2319189781228292
1,2,45,m,Mean,10.08129196036515
2,3,19,m,Mean,16.157216349644933
3,4,8,m,Mean,35.121957247545666
