level_c,level_f,samples,scaler,method,MPE
0,1,143,m,Mean,2.796520112980245
0,0,256,m,Mean,0.4038536758713499
1,2,80,m,Mean,3.902428743710639
2,3,45,m,Mean,6.853863556920839
3,4,25,m,Mean,14.597004579432001
4,5,14,m,Mean,16.93561576638685
5,6,8,m,Mean,32.02290577288877
