level_c,level_f,samples,scaler,method,MPE
0,1,645,m,Ensemble,1.348767249460256
0,0,1024,m,Ensemble,0.05928226931818665
1,2,406,m,Mean,1.160901530599545
2,3,256,m,Mean,1.3232464840864864
3,4,161,m,Mean,1.7188154677943865
4,5,101,m,Mean,2.3346830135657823
5,6,64,m,Mean,5.272595987397743
