level_c,level_f,samples,scaler,method,MPE
0,2,90,m,Mean,4.857642946847687
0,0,1024,m,Ensemble,1.0648929778567888
2,4,8,m,Mean,39.69193253170716
