level_c,level_f,samples,scaler,method,MPE
0,1,322,m,Mean,1.7600226555940661
0,0,512,m,Ensemble,0.09833811248710189
1,2,203,m,Mean,1.5800806857533551
2,3,128,m,Mean,2.678520774281654
3,4,80,m,Mean,2.5939952535321784
4,5,50,m,Mean,6.436881569138498
5,6,32,m,Mean,12.325118285789872
