level_c,level_f,samples,scaler,method,MPE
0,3,90,m,Mean,3.262420577716784
0,0,512,m,Ensemble,0.10115727580521032
3,6,16,m,Mean,19.93117153003095
