level_c,level_f,samples,scaler,method,MPE
0,1,406,m,Mean,1.631049840436924
0,0,1024,m,Ensemble,0.05928226931818665
1,2,161,m,Mean,2.010348222663407
2,3,64,m,Mean,6.367640811593255
3,4,25,m,Mean,12.23044253226329
4,5,10,m,Mean,23.42370835710256
5,6,4,m,Mean,66.83205934400178
