level_c,level_f,samples,scaler,method,MPE
0,2,101,m,Mean,3.0230704780269866
0,0,256,m,Mean,0.3535163144923483
2,4,40,m,Mean,7.961281386611644
4,6,16,m,Mean,15.665694163152322
