level_c,level_f,samples,scaler,method,MPE
0,2,512,m,NET,1.6140109261534992
0,0,1024,m,NET,0.4268686983011357
2,4,256,m,NET,1.9179372156705676
4,6,128,m,NET,3.1087876860925983
