level_c,level_f,samples,scaler,method,MPE
0,1,228,m,Mean,2.0011843306722685
0,0,256,m,Mean,0.4038536758713499
1,2,203,m,Mean,1.9859306446692502
2,3,181,m,Mean,2.0365569831552537
3,4,161,m,Mean,2.540852400423092
4,5,143,m,Mean,2.0565802048726414
5,6,128,m,Mean,1.9438782671070318
