level_c,level_f,samples,scaler,method,MPE
0,2,203,m,NET,2.8759663869406302
0,0,512,m,NET,0.5614914482880512
2,4,80,m,NET,4.189665347132678
4,6,32,m,NET,11.048402316350984
