level_c,level_f,samples,scaler,method,MPE
0,1,161,m,Mean,2.606659152982268
0,0,256,m,Mean,0.3535163144923483
1,2,101,m,Mean,2.755632901143422
2,3,64,m,Mean,6.367640811593255
3,4,40,m,Mean,7.842507647149937
4,5,25,m,Mean,12.742980916983216
5,6,16,m,Mean,15.573473844147465
