level_c,level_f,samples,scaler,method,MPE
0,2,128,m,Mean,2.7670667212558184
0,0,256,m,Mean,0.3535163144923483
2,4,64,m,Mean,5.202594654205776
4,6,32,m,Mean,11.798451599912086
