level_c,level_f,samples,scaler,method,MPE
0,1,430,m,Mean,2.7444874410149476
0,0,1024,m,Ensemble,1.2448517107852641
1,2,181,m,Mean,6.37160001290715
2,3,76,m,Mean,7.4526541476646555
3,4,32,m,Mean,11.463325044783259
