level_c,level_f,samples,scaler,method,MPE
0,2,362,m,Mean,3.1724096141445473
0,0,1024,m,Ensemble,1.0648929778567888
2,4,128,m,Mean,8.1518581676416
