level_c,level_f,samples,scaler,method,MPE
0,1,181,m,NET,2.9751860507999917
0,0,256,m,NET,0.638414645772956
1,2,128,m,NET,2.67038117341514
2,3,90,m,NET,2.896822482911732
3,4,64,m,NET,10.223246851767463
4,5,45,m,NET,11.335091628643147
5,6,32,m,NET,10.57278322196583
