level_c,level_f,samples,scaler,method,MPE
0,3,181,m,NET,2.320329235631265
0,0,256,m,NET,0.638414645772956
3,6,128,m,NET,2.676632271552118
