level_c,level_f,samples,scaler,method,MPE
0,2,128,m,Mean,3.5737246909361544
0,0,1024,m,Ensemble,1.2448517107852641
2,4,16,m,Mean,13.520398335001863
