level_c,level_f,samples,scaler,method,MPE
0,1,512,m,Ensemble,2.752324080120842
0,0,2048,m,Ensemble,1.1188813358573864
1,2,128,m,Mean,6.504524579593708
2,3,32,m,Mean,10.677803390199223
3,4,8,m,Mean,17.82518477921559
