level_c,level_f,samples,scaler,method,MPE
0,4,92,m,Mean,4.022876029243756
0,0,256,m,Mean,1.2319189781228292
