level_c,level_f,samples,scaler,method,MPE
0,6,128,m,Mean,2.6215061639303436
0,0,2048,m,Ensemble,0.035612394173760234
