level_c,level_f,samples,scaler,method,MPE
0,2,153,m,Mean,4.985469681054251
0,0,256,m,Mean,1.2319189781228292
2,3,118,m,Mean,9.067363666058505
3,4,92,m,Mean,15.263649133736898
