level_c,level_f,samples,scaler,method,MPE
0,3,362,m,Mean,1.5977977483835515
0,0,2048,m,Ensemble,0.035612394173760234
3,6,64,m,Mean,4.57861702710116
