level_c,level_f,samples,scaler,method,MPE
0,3,128,m,NET,2.833437837039884
0,0,2048,m,NET,0.3466653247522177
3,6,8,m,NET,41.56900419038848
