level_c,level_f,samples,scaler,method,MPE
0,1,128,m,Mean,3.0737834149947547
0,0,256,m,Mean,0.4038536758713499
1,2,64,m,Mean,5.243042239733911
2,3,32,m,Mean,7.457940112265662
3,4,16,m,Mean,19.914204969900677
4,5,8,m,Mean,32.429456671055554
5,6,4,m,Mean,61.72958785818212
