level_c,level_f,samples,scaler,method,MPE
0,2,322,m,Mean,1.5822828562765578
0,0,1024,m,Ensemble,0.05928226931818665
2,4,101,m,Mean,2.294535611075308
4,6,32,m,Mean,11.798451599912086
