level_c,level_f,samples,scaler,method,MPE
0,1,406,m,NET,1.880350819866429
0,0,512,m,NET,0.5614914482880512
1,2,322,m,NET,1.5975599882652194
2,3,256,m,NET,1.7110400887651818
3,4,203,m,NET,2.258027461553088
4,5,161,m,NET,2.6469780494618766
5,6,128,m,NET,2.8817270733281695
