level_c,level_f,samples,scaler,method,MPE
0,1,456,m,Mean,1.6409759507492545
0,0,1024,m,Ensemble,0.05893963121564156
1,2,203,m,Mean,1.9859306446692502
2,3,90,m,Mean,4.3500067729018745
3,4,40,m,Mean,5.08646320687967
4,5,17,m,Mean,17.686543581347834
5,6,8,m,Mean,32.02290577288877
