level_c,level_f,samples,scaler,method,MPE
0,1,228,m,Mean,2.0011843306722685
0,0,512,m,Ensemble,0.10115727580521032
1,2,101,m,Mean,2.636300032246961
2,3,45,m,Mean,6.853863556920839
3,4,20,m,Mean,11.688086578057929
4,5,8,m,Mean,32.429456671055554
5,6,4,m,Mean,61.72958785818212
