level_c,level_f,samples,scaler,method,MPE
0,2,406,m,Mean,1.3312684976723483
0,0,1024,m,Ensemble,0.05928226931818665
2,4,161,m,Mean,1.8791287150297455
4,6,64,m,Mean,6.245399077998302
