level_c,level_f,samples,scaler,method,MPE
0,2,322,m,NET,1.963502533863912
0,0,2048,m,NET,0.3466653247522177
2,4,50,m,NET,9.641203021064099
4,6,8,m,NET,38.6574380395754
