level_c,level_f,samples,scaler,method,MPE
0,2,153,m,Mean,4.985469681054251
0,0,256,m,Mean,1.2319189781228292
2,4,92,m,Mean,8.737998640565783
