level_c,level_f,samples,scaler,method,MPE
0,3,256,m,NET,2.3194073166743983
0,0,512,m,NET,0.5614914482880512
3,6,128,m,NET,2.676632271552118
