level_c,level_f,samples,scaler,method,MPE
0,1,560,m,Ensemble,3.4157925799710323
0,0,1024,m,Ensemble,1.0648929778567888
1,2,306,m,Mean,5.36941669915178
2,3,168,m,Mean,6.731659339384163
3,4,92,m,Mean,15.263649133736898
