level_c,level_f,samples,scaler,method,MPE
0,1,1290,m,Ensemble,1.34927061942272
0,0,2048,m,Ensemble,0.035612394173760234
1,2,812,m,Ensemble,1.1111361944335627
2,3,512,m,Ensemble,1.0535137495797582
3,4,322,m,Mean,1.4624927344331975
4,5,203,m,Mean,1.6282425531169413
5,6,128,m,Mean,1.9438782671070318
