level_c,level_f,samples,scaler,method,MPE
0,2,161,m,NET,3.6619708895703753
0,0,1024,m,NET,0.4268686983011357
2,4,25,m,NET,14.38851091444182
4,6,4,m,NET,82.6688211521335
