level_c,level_f,samples,scaler,method,MPE
0,1,912,m,NET,1.6278003887849704
0,0,2048,m,NET,0.3466653247522177
1,2,406,m,NET,2.091128682418852
2,3,181,m,NET,2.9859111795905524
3,4,80,m,NET,3.3046723265761435
4,5,35,m,NET,11.866411632757295
5,6,16,m,NET,22.46247850511456
