level_c,level_f,samples,scaler,method,MPE
0,3,256,m,Mean,2.152994504381457
0,0,1024,m,Ensemble,0.05893963121564156
3,6,64,m,Mean,4.57861702710116
