level_c,level_f,samples,scaler,method,MPE
0,1,143,m,NET,3.351733592598545
0,0,256,m,NET,0.638414645772956
1,2,80,m,NET,5.986184889473767
2,3,45,m,NET,8.503656683615489
3,4,25,m,NET,15.344427734879016
4,5,14,m,NET,24.864512861391475
5,6,8,m,NET,38.45100294241656
