level_c,level_f,samples,scaler,method,MPE
0,6,64,m,NET,7.873273081143604
0,0,512,m,NET,0.5614914482880512
