level_c,level_f,samples,scaler,method,MPE
0,1,1221,m,Ensemble,1.374796684127058
0,0,2048,m,Ensemble,0.035612394173760234
1,2,728,m,Ensemble,1.4434281417990964
2,3,434,m,Mean,1.130063390980259
3,4,258,m,Mean,1.7884543063905054
4,5,154,m,Mean,1.990227258636093
5,6,92,m,Mean,3.178039634340339
