level_c,level_f,samples,scaler,method,MPE
0,6,128,m,Mean,2.404115817619635
0,0,1024,m,Ensemble,0.05928226931818665
