level_c,level_f,samples,scaler,method,MPE
0,1,128,m,Mean,5.647561760853863
0,0,256,m,Mean,1.2319189781228292
1,2,64,m,Mean,8.661759633643907
2,3,32,m,Mean,13.377601688296476
3,4,16,m,Mean,27.037223263244982
