level_c,level_f,samples,scaler,method,MPE
0,3,128,m,NET,2.833437837039884
0,0,512,m,NET,0.5614914482880512
3,6,32,m,NET,18.071647605792542
