level_c,level_f,samples,scaler,method,MPE
0,1,912,m,Ensemble,1.618130306846641
0,0,2048,m,Ensemble,0.035612394173760234
1,2,406,m,Mean,1.35507201650097
2,3,181,m,Mean,2.0365569831552537
3,4,80,m,Mean,4.29698615261663
4,5,35,m,Mean,7.4079843205752285
5,6,16,m,Mean,19.852333656279516
