level_c,level_f,samples,scaler,method,MPE
0,6,64,m,Mean,4.900263620686082
0,0,2048,m,Ensemble,0.035612394173760234
