level_c,level_f,samples,scaler,method,MPE
0,2,288,m,NET,3.0948508696196386
0,0,512,m,NET,0.5614914482880512
2,4,163,m,NET,1.8797835704092805
4,6,92,m,NET,5.496874942408649
