level_c,level_f,samples,scaler,method,MPE
0,2,181,m,Mean,3.633605645585197
0,0,2048,m,Ensemble,1.1188813358573864
2,3,53,m,Mean,9.176238043801346
3,4,16,m,Mean,14.789491195508726
