level_c,level_f,samples,scaler,method,MPE
0,2,645,m,NET,1.533250327811394
0,0,2048,m,NET,0.3466653247522177
2,4,203,m,NET,2.234815410654874
4,6,64,m,NET,10.02275551891287
