level_c,level_f,samples,scaler,method,MPE
0,3,90,m,Mean,3.262420577716784
0,0,256,m,Mean,0.4038536758713499
3,6,32,m,Mean,7.529602650383584
