level_c,level_f,samples,scaler,method,MPE
0,3,45,m,NET,9.794561748379008
0,0,256,m,NET,0.638414645772956
3,6,8,m,NET,41.56900419038848
