level_c,level_f,samples,scaler,method,MPE
0,2,153,m,Mean,3.540168893305233
0,0,256,m,Mean,2.0155601042339577
2,3,118,m,Mean,6.936682313841512
3,4,92,m,Mean,8.069655799889476
