level_c,level_f,samples,scaler,method,MPE
0,2,182,m,Mean,2.042861509075506
0,0,256,m,Mean,0.3535163144923483
2,4,129,m,Mean,2.352333734647937
4,6,92,m,Mean,2.6305247042967763
