level_c,level_f,samples,scaler,method,MPE
0,1,362,m,Mean,1.6851483716441615
0,0,512,m,Ensemble,0.09833811248710189
1,2,256,m,Mean,1.4852991860017084
2,3,181,m,Mean,1.5393805815837576
3,4,128,m,Mean,1.9268005658492822
4,5,90,m,Mean,2.267605915249606
5,6,64,m,Mean,5.272595987397743
