level_c,level_f,samples,scaler,method,MPE
0,6,128,m,NET,2.3149216025217445
0,0,1024,m,NET,0.4268686983011357
