level_c,level_f,samples,scaler,method,MPE
0,3,217,m,Mean,1.9253674974019572
0,0,512,m,Ensemble,0.10115727580521032
3,6,92,m,Mean,3.359117025648508
