level_c,level_f,samples,scaler,method,MPE
0,1,228,m,Mean,2.041514371043434
0,0,512,m,Ensemble,0.09833811248710189
1,2,101,m,Mean,2.755632901143422
2,3,45,m,Mean,7.728326876105244
3,4,20,m,Mean,14.047767805906059
4,5,8,m,Mean,29.80238640676361
5,6,4,m,Mean,66.83205934400178
