level_c,level_f,samples,scaler,method,MPE
0,2,203,m,Mean,2.0177759372041413
0,0,1024,m,Ensemble,0.05928226931818665
2,4,40,m,Mean,7.961281386611644
4,6,8,m,Mean,31.41463761642357
