level_c,level_f,samples,scaler,method,MPE
0,3,45,m,Mean,6.634341248074059
0,0,512,m,Ensemble,0.10115727580521032
3,6,4,m,Mean,61.29763303982324
