level_c,level_f,samples,scaler,method,MPE
0,6,16,m,NET,17.568087138096764
0,0,512,m,NET,0.5614914482880512
