level_c,level_f,samples,scaler,method,MPE
0,1,384,m,Mean,1.9902676975193871
0,0,512,m,Ensemble,0.10115727580521032
1,2,288,m,Mean,2.012348287384879
2,3,217,m,Mean,1.6139861979665955
3,4,163,m,Mean,2.4931841066370497
4,5,122,m,Mean,2.3372817728125526
5,6,92,m,Mean,3.178039634340339
