level_c,level_f,samples,scaler,method,MPE
0,2,161,m,Mean,2.62608564089143
0,0,256,m,Mean,0.4038536758713499
2,4,101,m,Mean,2.7573249980356533
4,6,64,m,Mean,4.470338784349448
