level_c,level_f,samples,scaler,method,MPE
0,1,362,m,Mean,3.22894821523359
0,0,512,m,Ensemble,1.5559801678685494
1,2,256,m,Mean,5.544488974500861
2,3,181,m,Mean,5.918310344804456
3,4,128,m,Mean,7.456444428370447
