level_c,level_f,samples,scaler,method,MPE
0,3,45,m,Mean,6.634341248074059
0,0,256,m,Mean,0.4038536758713499
3,6,8,m,Mean,36.33324867561574
