level_c,level_f,samples,scaler,method,MPE
0,2,256,m,NET,2.8494983685263224
0,0,512,m,NET,0.5614914482880512
2,4,128,m,NET,3.0384661597061
4,6,64,m,NET,10.02275551891287
