level_c,level_f,samples,scaler,method,MPE
0,2,101,m,NET,3.974163684933052
0,0,256,m,NET,0.638414645772956
2,4,40,m,NET,7.622593051873521
4,6,16,m,NET,16.97552553660574
