level_c,level_f,samples,scaler,method,MPE
0,2,512,m,Ensemble,1.3634979776854692
0,0,2048,m,Ensemble,0.035612394173760234
2,4,128,m,Mean,2.1819752037819535
4,6,32,m,Mean,7.0018779763675205
