level_c,level_f,samples,scaler,method,MPE
0,6,64,m,Mean,6.828579378218201
0,0,256,m,Mean,0.3535163144923483
