level_c,level_f,samples,scaler,method,MPE
0,2,181,m,Mean,3.633605645585197
0,0,512,m,Ensemble,1.5559801678685494
2,4,64,m,Mean,7.676419617024716
