level_c,level_f,samples,scaler,method,MPE
0,1,1290,m,Ensemble,1.1602405580169315
0,0,2048,m,Ensemble,0.03590617544023262
1,2,812,m,Ensemble,0.9956833821525892
2,3,512,m,Ensemble,0.9652977116369877
3,4,322,m,Mean,1.3020786311340642
4,5,203,m,Mean,1.3178562302038581
5,6,128,m,Mean,2.0075581345105875
