level_c,level_f,samples,scaler,method,MPE
0,3,434,m,Mean,1.3058147866303351
0,0,2048,m,Ensemble,0.03590617544023262
3,6,92,m,Mean,2.7279739576863524
