level_c,level_f,samples,scaler,method,MPE
0,3,181,m,Mean,2.475207538744396
0,0,1024,m,Ensemble,0.05893963121564156
3,6,32,m,Mean,7.529602650383584
