level_c,level_f,samples,scaler,method,MPE
0,2,128,m,NET,2.369705044208252
0,0,256,m,NET,0.638414645772956
2,4,64,m,NET,6.291363477808272
4,6,32,m,NET,11.048402316350984
