level_c,level_f,samples,scaler,method,MPE
0,3,128,m,Mean,3.0598416522612326
0,0,256,m,Mean,0.3535163144923483
3,6,64,m,Mean,6.3467841716712
