level_c,level_f,samples,scaler,method,MPE
0,1,685,m,Ensemble,1.5575504881897617
0,0,1024,m,Ensemble,0.05928226931818665
1,2,458,m,Mean,1.1489432414098453
2,3,306,m,Mean,1.1921458761018777
3,4,205,m,Mean,1.7491277260652531
4,5,137,m,Mean,1.8649072298622296
5,6,92,m,Mean,2.361565741644705
