level_c,level_f,samples,scaler,method,MPE
0,2,161,m,Mean,2.62608564089143
0,0,512,m,Ensemble,0.10115727580521032
2,4,50,m,Mean,7.545089380190986
4,6,16,m,Mean,12.718250383475013
