level_c,level_f,samples,scaler,method,MPE
0,2,128,m,Mean,3.5737246909361544
0,0,1024,m,Ensemble,1.2448517107852641
2,3,45,m,Mean,9.463476628133181
3,4,16,m,Mean,14.789491195508726
