level_c,level_f,samples,scaler,method,MPE
0,6,16,m,NET,17.568087138096764
0,0,256,m,NET,0.638414645772956
