level_c,level_f,samples,scaler,method,MPE
0,2,90,m,Mean,4.750516225519975
0,0,1024,m,Ensemble,1.2448517107852641
2,4,8,m,Mean,16.90496630699594
