level_c,level_f,samples,scaler,method,MPE
0,3,153,m,Mean,2.629256999020129
0,0,256,m,Mean,0.4038536758713499
3,6,92,m,Mean,3.359117025648508
