level_c,level_f,samples,scaler,method,MPE
0,2,80,m,Mean,3.7680217862612886
0,0,256,m,Mean,0.3535163144923483
2,4,25,m,Mean,12.478311724799157
4,6,8,m,Mean,31.41463761642357
