level_c,level_f,samples,scaler,method,MPE
0,2,256,m,Mean,3.091217134828353
0,0,2048,m,Ensemble,1.0364093515332935
2,3,90,m,Mean,9.705171284174783
3,4,32,m,Mean,20.600967973207794
