level_c,level_f,samples,scaler,method,MPE
0,2,90,m,Mean,4.750516225519975
0,0,2048,m,Ensemble,1.1188813358573864
2,4,4,m,Mean,20.249215802251687
