level_c,level_f,samples,scaler,method,MPE
0,3,362,m,Mean,1.4729141787540319
0,0,2048,m,Ensemble,0.03590617544023262
3,6,64,m,Mean,6.3467841716712
