level_c,level_f,samples,scaler,method,MPE
0,2,256,m,NET,2.8494983685263224
0,0,1024,m,NET,0.4268686983011357
2,4,64,m,NET,6.291363477808272
4,6,16,m,NET,16.97552553660574
