level_c,level_f,samples,scaler,method,MPE
0,6,16,m,Mean,18.10247446107419
0,0,256,m,Mean,0.4038536758713499
