level_c,level_f,samples,scaler,method,MPE
0,2,306,m,Mean,3.024699213683305
0,0,1024,m,Ensemble,1.2448517107852641
2,4,92,m,Mean,6.780908039108055
