level_c,level_f,samples,scaler,method,MPE
0,1,430,m,Mean,4.0274881797182855
0,0,2048,m,Ensemble,1.0364093515332935
1,2,90,m,Mean,9.541639580217934
2,3,19,m,Mean,16.157216349644933
3,4,4,m,Mean,50.85303862124078
