level_c,level_f,samples,scaler,method,MPE
0,2,90,m,Mean,4.750516225519975
0,0,256,m,Mean,2.0155601042339577
2,4,32,m,Mean,9.327410792270367
