level_c,level_f,samples,scaler,method,MPE
0,2,322,m,Mean,1.5822828562765578
0,0,512,m,Ensemble,0.09833811248710189
2,4,203,m,Mean,1.679414108535356
4,6,128,m,Mean,1.8965735280366838
