level_c,level_f,samples,scaler,method,MPE
0,2,64,m,Mean,5.708054550202601
0,0,256,m,Mean,0.4038536758713499
2,4,16,m,Mean,19.643682017888136
4,6,4,m,Mean,61.45762855653006
