level_c,level_f,samples,scaler,method,MPE
0,1,406,m,Mean,1.631049840436924
0,0,512,m,Ensemble,0.09833811248710189
1,2,322,m,Mean,1.3996187520751202
2,3,256,m,Mean,1.3232464840864864
3,4,203,m,Mean,1.8731539115116638
4,5,161,m,Mean,1.7103714608495646
5,6,128,m,Mean,2.0075581345105875
