level_c,level_f,samples,scaler,method,MPE
0,1,228,m,NET,2.785431241851271
0,0,256,m,NET,0.638414645772956
1,2,203,m,NET,1.6736334531646389
2,3,181,m,NET,2.9859111795905524
3,4,161,m,NET,2.106135408694453
4,5,143,m,NET,3.08009849438104
5,6,128,m,NET,2.8817270733281695
