Time,MSE_mean,MSE_std,MSE_wass_dist,std_MSE_mean,std_MSE_std,std_MSE_wass
12030.993846734807,0.5703021587774683,0.8884088122284308,0.01721866534864962,0.0013904501380583838,0.0012811764826838174,6.063345861204918e-07
24061.987693469615,0.2907225775830816,0.6191145882441421,0.011996105072385046,0.0024693281376765132,0.0029248317535415726,1.1462230796823258e-06
48123.97538693923,0.08268109173526594,0.28714606062810966,0.006377102664322775,0.0008490871753592918,0.0021943108694626023,1.227349868367026e-06
96247.95077387846,0.014716385211790266,0.06484133344470659,0.0019262207091672245,0.00028519792176735586,0.000725893024460268,4.0370564302983364e-07
330852.3307852072,0.01051685828633205,0.011957154766799148,0.0006956756283819756,0.0001544767449141289,0.00018625933979793388,1.4858301051931983e-07
384991.80309551384,0.011818223405813417,0.011572953356639746,0.0006525082677012927,0.00018402623163207623,0.00011607012374039519,1.4476568110704752e-07
