Time,MSE_mean,MSE_std,MSE_wass_dist,std_MSE_mean,std_MSE_std,std_MSE_wass
3368.906219677574,0.3621500533420767,0.2043277385739534,0.01069457386745821,0.10949907997693456,0.03985353912942266,4.545805159704186e-05
92998.68352374104,0.1731826958610557,0.08763264537265715,0.0050725008991731445,0.03406364652918708,0.009357940640270677,1.7053248387514513e-05
803068.8392695484,0.06738988132485736,0.046429798403686266,0.0018790616631080503,0.006964242686628649,0.002099188242557192,3.986346604730509e-06
