Time,MSE_mean,MSE_std,MSE_wass_dist,std_MSE_mean,std_MSE_std,std_MSE_wass
1550.222702427153,0.4365366576108166,0.6073371005487109,0.016871041605862464,0.27831134239233396,0.2637176373754071,0.00023059947158433425
17454.733908591035,0.21939751546804706,0.18941153769502378,0.007697594873856803,0.075160406866748,0.06043903989211843,5.1838764424143926e-05
35029.78589645627,0.1930567145247439,0.14350652209922937,0.00663251226552285,0.05418070491646159,0.03819023016165528,5.5961838719333034e-05
70179.88987218673,0.1086683523037823,0.07260672289086535,0.004783715811192235,0.015156710062517119,0.00975075289410669,1.8264748757291944e-05
141669.36628825223,0.07304404663906935,0.058580670422493736,0.0031373908340557905,0.008754114236168488,0.004995032246641538,6.647817723332683e-06
490363.89408636326,0.021639428065124026,0.014419476068455443,0.00298077523942271,0.0006310510634826269,0.00031300091264342136,5.362260050741118e-06
