Time,MSE_mean,MSE_std,MSE_wass_dist,std_MSE_mean,std_MSE_std,std_MSE_wass
3489.224298951773,0.12361168609420375,0.09487092747054525,0.09485163272546233,0.010964559295911565,0.011011360521991195,0.006245030538286387
96205.53467973211,0.04785494292324245,0.047147591432938014,0.037985556111101305,0.0026487342708763737,0.0030994761486723833,0.0014645557769105083
851192.8146564877,0.01485350283169733,0.02170602170537689,0.013314060105333722,0.0003287882500359262,0.000920442492496462,0.00020191989877100988
