Time,MSE_mean,MSE_std,MSE_wass_dist,std_MSE_mean,std_MSE_std,std_MSE_wass
13979.93417544021,0.005860889556262107,0.269091820322799,0.04328988670411054,2.2171233273454943e-05,0.0028121275185093706,7.44499671210188e-05
17352.03,0.017070185105242556,0.005190484868792569,0.014021338492053032,8.281104051705917e-05,3.470342198445972e-05,3.3953430819081566e-05
120218.12498556596,0.003912844899562893,0.017396829069658285,0.005339944757041833,2.352250948122961e-05,0.00014429695993474606,1.1097354436758396e-05
139519.97632250667,0.004672206272040467,0.006103708351350353,0.003994270971908677,2.1386480409870988e-05,4.935134661428746e-05,1.0466533903074301e-05
252736.04572247775,0.002672576015680998,0.00981883692797596,0.003429383656514376,9.904527762768069e-06,0.00011794295553191076,5.795065908397466e-06
349232.2077978925,0.0023539160768895283,0.005511171241058492,0.002610403010028721,6.4764429757847134e-06,6.695268030010696e-05,3.423392203856681e-06
673170.8044113655,0.0025722779361187845,0.005675841754496092,0.002829349880121705,6.684278687178667e-06,4.166519586613295e-05,3.9837116560291926e-06
