Time,MSE_mean,MSE_std,MSE_wass_dist,std_MSE_mean,std_MSE_std,std_MSE_wass
12924.37,0.399447994621752,0.5543805783538613,0.011649409430700936,0.0037501529524109436,0.003391271915872853,1.3653239637805805e-06
13979.93,0.3995664404568286,0.5481959951860389,0.011597031941649244,0.00382470253610117,0.0034466485346380674,1.3901783693970086e-06
20016.4,0.05626037918279619,0.13443472343448484,0.003605777185590892,0.0009461397066048307,0.0018197409239266449,8.893504308662363e-07
77708.96,0.011170729766026658,0.03153889495166964,0.0014428901754881152,0.00016280139933025939,0.0004893122292249092,3.600347090577156e-07
235747.71,0.011916699957928987,0.00873509398746117,0.0007100243830684289,0.00017695654015328983,8.195503676468325e-05,1.5192369662936357e-07
329521.28,0.009795037239514142,0.007500663605836005,0.0005897222306255085,0.00012891327147221955,6.398872915922943e-05,8.274090122368421e-08
616592.56,0.011046012250624432,0.007728917179211394,0.0005767125821403012,0.0001556001953241496,7.849312158630699e-05,9.995186975584913e-08
