Time,MSE_mean,MSE_std,MSE_wass_dist,std_MSE_mean,std_MSE_std,std_MSE_wass
1550.222702427153,0.13508539244650133,0.47430184618116467,0.14270256992701397,0.023775775440755133,0.2576835000169912,0.017682440062444803
17575.051987865234,0.05762512070942574,0.11608814703464415,0.05153723294507145,0.003636286456047806,0.019028249286972165,0.002209455281417879
35150.10397573047,0.037435869262735316,0.09167581544558692,0.04354471749464881,0.0020624099552349405,0.009450560291509601,0.0017081127963531858
70420.52603073514,0.029603615416539383,0.05445663258692207,0.0336147732344744,0.0010981712592500487,0.004560968365457899,0.0007781531792783547
142150.63860534903,0.016511983247228305,0.035820800613678115,0.023791705164261445,0.00034957415868630255,0.0011159349754708786,0.00034101398951160225
496891.058489895,0.0028626502490999655,0.009191384582160666,0.011721977486495004,1.214877375350666e-05,9.710922210546749e-05,5.1508366996695615e-05
