level_c,level_f,samples,scaler,method,MPE
0,2,256,m,Mean,2.6358632663932897
0,0,512,m,Ensemble,1.5559801678685494
2,4,128,m,Mean,6.146477213795687
