level_c,level_f,samples,scaler,method,MPE
0,3,306,m,NET,2.091730489486426
0,0,1024,m,NET,0.4268686983011357
3,6,92,m,NET,4.57720858011287
