level_c,level_f,samples,scaler,method,MPE
0,3,64,m,Mean,4.698875396765115
0,0,1024,m,Ensemble,0.05893963121564156
3,6,4,m,Mean,61.29763303982324
