level_c,level_f,samples,scaler,method,MPE
0,1,512,m,Ensemble,3.991213224350937
0,0,1024,m,Ensemble,1.0648929778567888
1,2,256,m,Mean,5.680500292447082
2,3,128,m,Mean,8.05999760413914
3,4,64,m,Mean,15.404201793750245
