level_c,level_f,samples,scaler,method,MPE
0,1,333,m,Mean,3.052936894700681
0,0,512,m,Ensemble,1.5559801678685494
1,2,217,m,Mean,5.8036105606399895
2,3,141,m,Mean,6.634938491123251
3,4,92,m,Mean,8.069655799889476
