level_c,level_f,samples,scaler,method,MPE
0,1,198,m,Mean,4.676577054635538
0,0,256,m,Mean,1.2319189781228292
1,2,153,m,Mean,7.138188928445338
2,3,118,m,Mean,9.067363666058505
3,4,92,m,Mean,15.263649133736898
