level_c,level_f,samples,scaler,method,MPE
0,3,434,m,Mean,1.466440422625725
0,0,2048,m,Ensemble,0.035612394173760234
3,6,92,m,Mean,3.359117025648508
