level_c,level_f,samples,scaler,method,MPE
0,2,181,m,Mean,3.6997042779734124
0,0,2048,m,Ensemble,1.0364093515332935
2,3,53,m,Mean,8.268960961269855
3,4,16,m,Mean,27.037223263244982
