level_c,level_f,samples,scaler,method,MPE
0,3,153,m,Mean,2.62941464099882
0,0,256,m,Mean,0.3535163144923483
3,6,92,m,Mean,2.7279739576863524
