level_c,level_f,samples,scaler,method,MPE
0,2,64,m,Mean,9.134477274941863
0,0,256,m,Mean,0.3535163144923483
2,4,16,m,Mean,14.173414293121095
4,6,4,m,Mean,66.55555500657532
