level_c,level_f,samples,scaler,method,MPE
0,2,203,m,NET,2.8759663869406302
0,0,1024,m,NET,0.4268686983011357
2,4,40,m,NET,7.622593051873521
4,6,8,m,NET,38.6574380395754
