level_c,level_f,samples,scaler,method,MPE
0,1,456,m,Mean,1.6124320563302585
0,0,1024,m,Ensemble,0.05928226931818665
1,2,203,m,Mean,1.5800806857533551
2,3,90,m,Mean,2.1648755629520458
3,4,40,m,Mean,7.842507647149937
4,5,17,m,Mean,13.828694169841317
5,6,8,m,Mean,27.693432793173113
