level_c,level_f,samples,scaler,method,MPE
0,2,45,m,Mean,8.733273787753536
0,0,512,m,Ensemble,1.2176164966882093
2,4,4,m,Mean,42.11417088444868
