level_c,level_f,samples,scaler,method,MPE
0,2,812,m,NET,1.4277510280245351
0,0,2048,m,NET,0.3466653247522177
2,4,322,m,NET,1.477882929793758
4,6,128,m,NET,3.1087876860925983
