level_c,level_f,samples,scaler,method,MPE
0,3,181,m,Mean,2.475207538744396
0,0,256,m,Mean,0.4038536758713499
3,6,128,m,Mean,2.1553171848287174
