level_c,level_f,samples,scaler,method,MPE
0,2,512,m,Ensemble,1.2764007108070141
0,0,1024,m,Ensemble,0.05928226931818665
2,4,256,m,Mean,1.22138052121591
4,6,128,m,Mean,1.8965735280366838
