level_c,level_f,samples,scaler,method,MPE
0,3,64,m,Mean,8.910327236935792
0,0,256,m,Mean,0.3535163144923483
3,6,16,m,Mean,14.101429878203009
