level_c,level_f,samples,scaler,method,MPE
0,1,1221,m,NET,1.4792916582735978
0,0,2048,m,NET,0.3466653247522177
1,2,728,m,NET,1.2556058335098763
2,3,434,m,NET,1.434446664539038
3,4,258,m,NET,1.8347655005374597
4,5,154,m,NET,2.765316995557234
5,6,92,m,NET,4.506569567671564
