level_c,level_f,samples,scaler,method,MPE
0,3,45,m,NET,9.794561748379008
0,0,512,m,NET,0.5614914482880512
3,6,4,m,NET,82.3883581885185
