level_c,level_f,samples,scaler,method,MPE
0,2,256,m,Mean,3.091217134828353
0,0,1024,m,Ensemble,1.0648929778567888
2,3,128,m,Mean,8.05999760413914
3,4,64,m,Mean,15.404201793750245
