level_c,level_f,samples,scaler,method,MPE
0,1,912,m,Ensemble,1.4194052130867894
0,0,2048,m,Ensemble,0.03590617544023262
1,2,406,m,Mean,1.160901530599545
2,3,181,m,Mean,1.5393805815837576
3,4,80,m,Mean,2.5939952535321784
4,5,35,m,Mean,13.320682494859708
5,6,16,m,Mean,15.573473844147465
