level_c,level_f,samples,scaler,method,MPE
0,1,107,m,Mean,4.681876491315511
0,0,256,m,Mean,2.0155601042339577
1,2,45,m,Mean,9.79954585620824
2,3,19,m,Mean,14.884971530812141
3,4,8,m,Mean,17.82518477921559
