level_c,level_f,samples,scaler,method,MPE
0,2,32,m,Mean,7.691840478138837
0,0,256,m,Mean,2.0155601042339577
2,3,11,m,Mean,17.017564648873122
3,4,4,m,Mean,21.66522111441609
