level_c,level_f,samples,scaler,method,MPE
0,1,181,m,Mean,3.5867905862475062
0,0,512,m,Ensemble,1.5559801678685494
1,2,64,m,Mean,8.212127658909376
2,3,22,m,Mean,12.53128536719283
3,4,8,m,Mean,17.82518477921559
