level_c,level_f,samples,scaler,method,MPE
0,1,362,m,Mean,2.3182381904817917
0,0,512,m,Ensemble,0.10115727580521032
1,2,256,m,Mean,1.5813507312008843
2,3,181,m,Mean,2.0365569831552537
3,4,128,m,Mean,2.356001880328359
4,5,90,m,Mean,4.880649974386193
5,6,64,m,Mean,5.186121655094981
