level_c,level_f,samples,scaler,method,MPE
0,1,198,m,Mean,3.517268278774316
0,0,256,m,Mean,2.0155601042339577
1,2,153,m,Mean,6.310970207561874
2,3,118,m,Mean,6.936682313841512
3,4,92,m,Mean,8.069655799889476
