Time,MSE_mean,MSE_std,MSE_wass_dist,std_MSE_mean,std_MSE_std,std_MSE_wass
0.73,0.01065374763475611,0.06824607491715062,0.19355364082981122,2.87304745914742e-05,0.00095037423154353,0.008893857229879109
1.04,0.002903566478120741,0.036777769248443976,0.07756847412771914,7.6189421229730724e-06,0.00047643553369065286,0.002490703698417175
2.52,0.0016229334867435901,0.007075881406656795,0.034162578153186005,3.174160357448678e-06,6.188780479392838e-05,0.0009814587039488015
6.52,0.001335528236612026,0.006138264616659122,0.031831933025815724,2.206555020262349e-06,7.029879693209675e-05,0.0006729534635156729
36.61,0.0013398725509505141,0.005585858116824428,0.03191571909032016,2.41632397793185e-06,4.755412853601159e-05,0.0008050008213623453
