Time,MSE_mean,MSE_std,MSE_wass_dist,std_MSE_mean,std_MSE_std,std_MSE_wass
0.6916168169975281,0.0026982851802939386,0.11973590630718567,0.28038453128053104,5.7873432331679676e-06,0.001068766945623884,0.007100102666824755
1.6137725729942325,0.0017103705963860676,0.10955004474492044,0.22227152547183776,2.9640482906227043e-06,0.001011485356267885,0.005921812984734224
5.071856657981873,0.0020007077959801577,0.020205608197416097,0.06550441758982553,4.388380136343011e-06,0.00017575595419107675,0.0011229801962733708
14.677645782947543,0.001354746767250119,0.0044696738289779075,0.031879581944554945,2.517760920242535e-06,2.297881690483107e-05,0.0007000328894882518
18.750500371932983,0.0013845884367539938,0.0070381042250648234,0.03494651918765727,2.252604537259507e-06,5.877141606828362e-05,0.000768992903742679
24.206588594913484,0.0013544824979104563,0.0047586012636898715,0.031026129047602945,2.477121871248854e-06,3.236391613408791e-05,0.000684622421168095
