level_c,level_f,samples,scaler,method,MPE
0,6,16,m,NET,17.568087138096764
0,0,2048,m,NET,0.3466653247522177
