level_c,level_f,samples,scaler,method,MPE
0,6,128,m,Mean,2.404115817619635
0,0,2048,m,Ensemble,0.03590617544023262
