level_c,level_f,samples,scaler,method,MPE
0,2,181,m,Mean,3.633605645585197
0,0,512,m,Ensemble,1.5559801678685494
2,3,107,m,Mean,6.687934166145193
3,4,64,m,Mean,8.93179783041294
