level_c,level_f,samples,scaler,method,MPE
0,2,45,m,Mean,8.733273787753536
0,0,256,m,Mean,1.2319189781228292
2,3,19,m,Mean,16.157216349644933
3,4,8,m,Mean,35.121957247545666
