level_c,level_f,samples,scaler,method,MPE
0,2,90,m,Mean,4.857642946847687
0,0,512,m,Ensemble,1.2176164966882093
2,4,16,m,Mean,19.978507301517
