level_c,level_f,samples,scaler,method,MPE
0,2,64,m,Mean,5.30333327336519
0,0,256,m,Mean,2.0155601042339577
2,3,32,m,Mean,10.677803390199223
3,4,16,m,Mean,14.789491195508726
