level_c,level_f,samples,scaler,method,MPE
0,1,287,m,Mean,1.943275907772649
0,0,512,m,Ensemble,0.10115727580521032
1,2,161,m,Mean,2.439380768278123
2,3,90,m,Mean,4.3500067729018745
3,4,50,m,Mean,6.217099663034252
4,5,28,m,Mean,6.675215397120231
5,6,16,m,Mean,19.852333656279516
