level_c,level_f,samples,scaler,method,MPE
0,3,128,m,Mean,4.52102726685891
0,0,256,m,Mean,0.4038536758713499
3,6,64,m,Mean,4.57861702710116
