level_c,level_f,samples,scaler,method,MPE
0,2,181,m,Mean,3.6997042779734124
0,0,512,m,Ensemble,1.2176164966882093
2,4,64,m,Mean,9.95003921140691
