level_c,level_f,samples,scaler,method,MPE
0,6,64,m,Mean,4.900263620686082
0,0,256,m,Mean,0.4038536758713499
