level_c,level_f,samples,scaler,method,MPE
0,1,384,m,Mean,1.6180725317737759
0,0,512,m,Ensemble,0.09833811248710189
1,2,288,m,Mean,1.3627644084320727
2,3,217,m,Mean,1.3928582195627708
3,4,163,m,Mean,1.8990481557697683
4,5,122,m,Mean,1.9492081563804557
5,6,92,m,Mean,2.361565741644705
