level_c,level_f,samples,scaler,method,MPE
0,2,80,m,NET,4.220683901798742
0,0,256,m,NET,0.638414645772956
2,4,25,m,NET,14.38851091444182
4,6,8,m,NET,38.6574380395754
