level_c,level_f,samples,scaler,method,MPE
0,6,32,m,Mean,11.562276261513471
0,0,256,m,Mean,0.3535163144923483
