level_c,level_f,samples,scaler,method,MPE
0,1,608,m,Ensemble,3.780436954480383
0,0,1024,m,Ensemble,1.0648929778567888
1,2,362,m,Mean,5.341484222332708
2,3,215,m,Mean,6.422767082512297
3,4,128,m,Mean,15.271848783013315
