level_c,level_f,samples,scaler,method,MPE
0,6,92,m,NET,4.532977857672534
0,0,512,m,NET,0.5614914482880512
