level_c,level_f,samples,scaler,method,MPE
0,3,64,m,NET,8.140694089354549
0,0,1024,m,NET,0.4268686983011357
3,6,4,m,NET,82.3883581885185
