level_c,level_f,samples,scaler,method,MPE
0,2,90,m,Mean,4.857642946847687
0,0,1024,m,Ensemble,1.0648929778567888
2,3,26,m,Mean,17.662408303546965
3,4,8,m,Mean,35.121957247545666
