level_c,level_f,samples,scaler,method,MPE
0,3,306,m,Mean,1.619600678978503
0,0,1024,m,Ensemble,0.05893963121564156
3,6,92,m,Mean,3.359117025648508
