level_c,level_f,samples,scaler,method,MPE
0,2,161,m,Mean,2.1279929088824274
0,0,1024,m,Ensemble,0.05928226931818665
2,4,25,m,Mean,12.478311724799157
4,6,4,m,Mean,66.55555500657532
