level_c,level_f,samples,scaler,method,MPE
0,1,322,m,Mean,1.9692076496196003
0,0,512,m,Ensemble,0.10115727580521032
1,2,203,m,Mean,1.9859306446692502
2,3,128,m,Mean,1.9721963846579524
3,4,80,m,Mean,4.29698615261663
4,5,50,m,Mean,7.351244918598828
5,6,32,m,Mean,7.61478986224785
