level_c,level_f,samples,scaler,method,MPE
0,3,90,m,Mean,2.5128430882189963
0,0,2048,m,Ensemble,0.03590617544023262
3,6,4,m,Mean,66.00881302761167
