level_c,level_f,samples,scaler,method,MPE
0,1,256,m,Mean,3.2658338521090853
0,0,1024,m,Ensemble,1.2448517107852641
1,2,64,m,Mean,8.212127658909376
2,3,16,m,Mean,14.278248778366445
3,4,4,m,Mean,21.66522111441609
