level_c,level_f,samples,scaler,method,MPE
0,1,1024,m,Ensemble,2.3957614283748834
0,0,2048,m,Ensemble,1.1188813358573864
1,2,512,m,Ensemble,5.512428864278813
2,3,256,m,Mean,6.112636441137647
3,4,128,m,Mean,7.456444428370447
