level_c,level_f,samples,scaler,method,MPE
0,1,152,m,Mean,4.8646311524770365
0,0,512,m,Ensemble,1.2176164966882093
1,2,45,m,Mean,10.08129196036515
2,3,13,m,Mean,18.760312256391348
3,4,4,m,Mean,50.85303862124078
