level_c,level_f,samples,scaler,method,MPE
0,3,256,m,Mean,1.5362490195067606
0,0,512,m,Ensemble,0.09833811248710189
3,6,128,m,Mean,1.8245556403329637
