level_c,level_f,samples,scaler,method,MPE
0,1,512,m,NET,1.660254930414161
0,0,1024,m,NET,0.4268686983011357
1,2,256,m,NET,1.9714390530979762
2,3,128,m,NET,2.8248389094742565
3,4,64,m,NET,10.223246851767463
4,5,32,m,NET,9.242826241895772
5,6,16,m,NET,22.46247850511456
