level_c,level_f,samples,scaler,method,MPE
0,1,1024,m,Ensemble,1.3437531384182557
0,0,2048,m,Ensemble,0.03590617544023262
1,2,512,m,Ensemble,1.1074771036042663
2,3,256,m,Mean,1.3232464840864864
3,4,128,m,Mean,1.9268005658492822
4,5,64,m,Mean,6.543905158298789
5,6,32,m,Mean,12.325118285789872
