level_c,level_f,samples,scaler,method,MPE
0,6,8,m,NET,36.043914011042915
0,0,256,m,NET,0.638414645772956
