level_c,level_f,samples,scaler,method,MPE
0,1,203,m,NET,2.545338010586616
0,0,256,m,NET,0.638414645772956
1,2,161,m,NET,2.815839291262952
2,3,128,m,NET,2.8248389094742565
3,4,101,m,NET,3.7553319766455657
4,5,80,m,NET,3.3072144409866424
5,6,64,m,NET,7.217234666933936
