level_c,level_f,samples,scaler,method,MPE
0,2,90,m,Mean,4.857642946847687
0,0,512,m,Ensemble,1.2176164966882093
2,3,38,m,Mean,12.641215816165765
3,4,16,m,Mean,27.037223263244982
