level_c,level_f,samples,scaler,method,MPE
0,2,256,m,Mean,1.653101409130646
0,0,1024,m,Ensemble,0.05893963121564156
2,4,64,m,Mean,4.2731120293486216
4,6,16,m,Mean,12.718250383475013
