level_c,level_f,samples,scaler,method,MPE
0,1,143,m,Mean,2.4017881077052916
0,0,256,m,Mean,0.3535163144923483
1,2,80,m,Mean,3.5391479573984475
2,3,45,m,Mean,7.728326876105244
3,4,25,m,Mean,12.23044253226329
4,5,14,m,Mean,15.590743206994254
5,6,8,m,Mean,27.693432793173113
