level_c,level_f,samples,scaler,method,MPE
0,4,128,m,Mean,3.413763650658859
0,0,256,m,Mean,2.0155601042339577
