level_c,level_f,samples,scaler,method,MPE
0,1,90,m,Mean,13.882878842277899
0,0,256,m,Mean,1.2319189781228292
1,2,32,m,Mean,15.080132581452515
2,3,11,m,Mean,25.62108786680667
3,4,4,m,Mean,50.85303862124078
