level_c,level_f,samples,scaler,method,MPE
0,2,181,m,Mean,3.6997042779734124
0,0,1024,m,Ensemble,1.0648929778567888
2,3,76,m,Mean,10.651391313779204
3,4,32,m,Mean,20.600967973207794
