level_c,level_f,samples,scaler,method,MPE
0,2,288,m,Mean,1.8849958761273964
0,0,512,m,Ensemble,0.10115727580521032
2,4,163,m,Mean,1.8370682164274725
4,6,92,m,Mean,3.3887904199412504
