level_c,level_f,samples,scaler,method,MPE
0,2,256,m,Mean,1.653101409130646
0,0,512,m,Ensemble,0.10115727580521032
2,4,128,m,Mean,2.1819752037819535
4,6,64,m,Mean,4.470338784349448
