level_c,level_f,samples,scaler,method,MPE
0,1,685,m,NET,1.5981182463255348
0,0,1024,m,NET,0.4268686983011357
1,2,458,m,NET,1.9043764797393787
2,3,306,m,NET,2.2607572867251142
3,4,205,m,NET,1.6406659908456425
4,5,137,m,NET,4.351670600292728
5,6,92,m,NET,4.506569567671564
