level_c,level_f,samples,scaler,method,MPE
0,3,32,m,Mean,8.195974555225034
0,0,256,m,Mean,0.4038536758713499
3,6,4,m,Mean,61.29763303982324
