level_c,level_f,samples,scaler,method,MPE
0,1,304,m,Mean,2.935354717866237
0,0,1024,m,Ensemble,1.2448517107852641
1,2,90,m,Mean,7.0248667019386755
2,3,26,m,Mean,11.803180025138738
3,4,8,m,Mean,17.82518477921559
