level_c,level_f,samples,scaler,method,MPE
0,3,181,m,NET,2.320329235631265
0,0,1024,m,NET,0.4268686983011357
3,6,32,m,NET,18.071647605792542
