level_c,level_f,samples,scaler,method,MPE
0,3,128,m,NET,2.833437837039884
0,0,1024,m,NET,0.4268686983011357
3,6,16,m,NET,17.454762340336384
