level_c,level_f,samples,scaler,method,MPE
0,1,161,m,NET,2.5110630636085443
0,0,256,m,NET,0.638414645772956
1,2,101,m,NET,2.783731944279381
2,3,64,m,NET,10.555374826614186
3,4,40,m,NET,8.50046758197652
4,5,25,m,NET,13.036918300662068
5,6,16,m,NET,22.46247850511456
