level_c,level_f,samples,scaler,method,MPE
0,2,182,m,NET,5.190100402754902
0,0,256,m,NET,0.638414645772956
2,4,129,m,NET,2.4264109326030057
4,6,92,m,NET,5.496874942408649
