level_c,level_f,samples,scaler,method,MPE
0,2,181,m,Mean,3.633605645585197
0,0,1024,m,Ensemble,1.2448517107852641
2,3,76,m,Mean,7.4526541476646555
3,4,32,m,Mean,11.463325044783259
