level_c,level_f,samples,scaler,method,MPE
0,1,128,m,Mean,5.258899563332228
0,0,256,m,Mean,2.0155601042339577
1,2,64,m,Mean,8.212127658909376
2,3,32,m,Mean,10.677803390199223
3,4,16,m,Mean,14.789491195508726
