level_c,level_f,samples,scaler,method,MPE
0,1,287,m,Mean,1.8029814676176155
0,0,512,m,Ensemble,0.09833811248710189
1,2,161,m,Mean,2.010348222663407
2,3,90,m,Mean,2.1648755629520458
3,4,50,m,Mean,6.574735540015078
4,5,28,m,Mean,15.171164787483532
5,6,16,m,Mean,15.573473844147465
