level_c,level_f,samples,scaler,method,MPE
0,2,161,m,Mean,2.1279929088824274
0,0,256,m,Mean,0.3535163144923483
2,4,101,m,Mean,2.294535611075308
4,6,64,m,Mean,6.245399077998302
