level_c,level_f,samples,scaler,method,MPE
0,1,512,m,Ensemble,3.991213224350937
0,0,2048,m,Ensemble,1.0364093515332935
1,2,128,m,Mean,7.185605119038509
2,3,32,m,Mean,13.377601688296476
3,4,8,m,Mean,35.121957247545666
