level_c,level_f,samples,scaler,method,MPE
0,1,724,m,Ensemble,2.3258512041118427
0,0,2048,m,Ensemble,1.1188813358573864
1,2,256,m,Mean,5.544488974500861
2,3,90,m,Mean,7.306265597529306
3,4,32,m,Mean,11.463325044783259
