level_c,level_f,samples,scaler,method,MPE
0,2,203,m,Mean,1.8872840916728928
0,0,256,m,Mean,0.4038536758713499
2,4,161,m,Mean,2.790248679806941
4,6,128,m,Mean,2.788699640018304
