level_c,level_f,samples,scaler,method,MPE
0,3,256,m,Mean,1.5362490195067606
0,0,2048,m,Ensemble,0.03590617544023262
3,6,32,m,Mean,11.5380441390292
