level_c,level_f,samples,scaler,method,MPE
0,2,90,m,Mean,4.857642946847687
0,0,256,m,Mean,1.2319189781228292
2,3,53,m,Mean,8.268960961269855
3,4,32,m,Mean,20.600967973207794
