level_c,level_f,samples,scaler,method,MPE
0,3,256,m,NET,2.3194073166743983
0,0,2048,m,NET,0.3466653247522177
3,6,32,m,NET,18.071647605792542
