level_c,level_f,samples,scaler,method,MPE
0,1,322,m,NET,2.1270566964440367
0,0,512,m,NET,0.5614914482880512
1,2,203,m,NET,1.6736334531646389
2,3,128,m,NET,2.8248389094742565
3,4,80,m,NET,3.3046723265761435
4,5,50,m,NET,9.417325766242179
5,6,32,m,NET,10.57278322196583
