level_c,level_f,samples,scaler,method,MPE
0,1,256,m,Mean,4.804771958886187
0,0,512,m,Ensemble,1.2176164966882093
1,2,128,m,Mean,7.185605119038509
2,3,64,m,Mean,8.530421099396456
3,4,32,m,Mean,20.600967973207794
