level_c,level_f,samples,scaler,method,MPE
0,6,128,m,NET,2.3149216025217445
0,0,256,m,NET,0.638414645772956
