level_c,level_f,samples,scaler,method,MPE
0,1,215,m,Mean,1.9447720432700872
0,0,256,m,Mean,0.3535163144923483
1,2,182,m,Mean,1.661603540079788
2,3,153,m,Mean,2.5565164253542423
3,4,129,m,Mean,1.8968066881144288
4,5,109,m,Mean,3.224270814753951
5,6,92,m,Mean,2.361565741644705
