level_c,level_f,samples,scaler,method,MPE
0,1,215,m,Mean,3.29808991170324
0,0,256,m,Mean,0.4038536758713499
1,2,182,m,Mean,2.3354827328065237
2,3,153,m,Mean,2.188677716704388
3,4,129,m,Mean,2.387430953388005
4,5,109,m,Mean,2.4322936022193304
5,6,92,m,Mean,3.178039634340339
