level_c,level_f,samples,scaler,method,MPE
0,3,90,m,Mean,3.262420577716784
0,0,2048,m,Ensemble,0.035612394173760234
3,6,4,m,Mean,61.29763303982324
