level_c,level_f,samples,scaler,method,MPE
0,1,181,m,Mean,2.870471512473067
0,0,256,m,Mean,0.4038536758713499
1,2,128,m,Mean,2.2717170639994064
2,3,90,m,Mean,4.3500067729018745
3,4,64,m,Mean,5.050771592283883
4,5,45,m,Mean,6.13304492217768
5,6,32,m,Mean,7.61478986224785
