level_c,level_f,samples,scaler,method,MPE
0,2,128,m,Mean,3.5737246909361544
0,0,512,m,Ensemble,1.5559801678685494
2,4,32,m,Mean,9.327410792270367
