level_c,level_f,samples,scaler,method,MPE
0,3,181,m,Mean,2.475207538744396
0,0,2048,m,Ensemble,0.035612394173760234
3,6,16,m,Mean,19.93117153003095
