level_c,level_f,samples,scaler,method,MPE
0,2,256,m,Mean,1.653101409130646
0,0,2048,m,Ensemble,0.035612394173760234
2,4,32,m,Mean,7.7743308209940105
4,6,4,m,Mean,61.45762855653006
