level_c,level_f,samples,scaler,method,MPE
0,2,181,m,Mean,3.6997042779734124
0,0,256,m,Mean,1.2319189781228292
2,3,152,m,Mean,8.340665980240164
3,4,128,m,Mean,15.271848783013315
