level_c,level_f,samples,scaler,method,MPE
0,1,215,m,Mean,4.708564061737121
0,0,512,m,Ensemble,1.2176164966882093
1,2,90,m,Mean,9.541639580217934
2,3,38,m,Mean,12.641215816165765
3,4,16,m,Mean,27.037223263244982
