level_c,level_f,samples,scaler,method,MPE
0,1,215,m,Mean,4.708564061737121
0,0,256,m,Mean,1.2319189781228292
1,2,181,m,Mean,6.455723794936949
2,3,152,m,Mean,8.340665980240164
3,4,128,m,Mean,15.271848783013315
