level_c,level_f,samples,scaler,method,MPE
0,6,92,m,Mean,3.551139576334556
0,0,2048,m,Ensemble,0.035612394173760234
