level_c,level_f,samples,scaler,method,MPE
0,2,181,m,Mean,3.6997042779734124
0,0,2048,m,Ensemble,1.0364093515332935
2,4,16,m,Mean,19.978507301517
