level_c,level_f,samples,scaler,method,MPE
0,1,228,m,Mean,2.041514371043434
0,0,256,m,Mean,0.3535163144923483
1,2,203,m,Mean,1.5800806857533551
2,3,181,m,Mean,1.5393805815837576
3,4,161,m,Mean,1.7188154677943865
4,5,143,m,Mean,2.0516950364865267
5,6,128,m,Mean,2.0075581345105875
