level_c,level_f,samples,scaler,method,MPE
0,2,64,m,NET,8.049561252466699
0,0,256,m,NET,0.638414645772956
2,4,16,m,NET,20.522464493861804
4,6,4,m,NET,82.6688211521335
