level_c,level_f,samples,scaler,method,MPE
0,2,406,m,Mean,1.3312684976723483
0,0,2048,m,Ensemble,0.03590617544023262
2,4,80,m,Mean,2.823822149688265
4,6,16,m,Mean,15.665694163152322
