level_c,level_f,samples,scaler,method,MPE
0,2,182,m,Mean,2.0876199915046065
0,0,256,m,Mean,0.4038536758713499
2,4,129,m,Mean,2.4162151154462475
4,6,92,m,Mean,3.3887904199412504
