level_c,level_f,samples,scaler,method,MPE
0,2,128,m,Mean,3.5737246909361544
0,0,256,m,Mean,2.0155601042339577
2,4,64,m,Mean,7.676419617024716
