level_c,level_f,samples,scaler,method,MPE
0,3,181,m,Mean,2.10964691450529
0,0,2048,m,Ensemble,0.03590617544023262
3,6,16,m,Mean,14.101429878203009
