level_c,level_f,samples,scaler,method,MPE
0,2,128,m,NET,2.369705044208252
0,0,512,m,NET,0.5614914482880512
2,4,32,m,NET,13.820843249697473
4,6,8,m,NET,38.6574380395754
