level_c,level_f,samples,scaler,method,MPE
0,1,512,m,Ensemble,2.752324080120842
0,0,1024,m,Ensemble,1.2448517107852641
1,2,256,m,Mean,5.544488974500861
2,3,128,m,Mean,7.038490143075818
3,4,64,m,Mean,8.93179783041294
