level_c,level_f,samples,scaler,method,MPE
0,2,203,m,Mean,2.0177759372041413
0,0,256,m,Mean,0.3535163144923483
2,4,161,m,Mean,1.8791287150297455
4,6,128,m,Mean,1.8965735280366838
