level_c,level_f,samples,scaler,method,MPE
0,3,128,m,Mean,4.52102726685891
0,0,512,m,Ensemble,0.10115727580521032
3,6,32,m,Mean,7.529602650383584
