level_c,level_f,samples,scaler,method,MPE
0,2,203,m,Mean,1.8872840916728928
0,0,512,m,Ensemble,0.10115727580521032
2,4,80,m,Mean,4.563223294642657
4,6,32,m,Mean,7.0018779763675205
