level_c,level_f,samples,scaler,method,MPE
0,1,812,m,NET,1.859830948871459
0,0,2048,m,NET,0.3466653247522177
1,2,322,m,NET,1.5975599882652194
2,3,128,m,NET,2.8248389094742565
3,4,50,m,NET,9.405046528380055
4,5,20,m,NET,13.564279569696033
5,6,8,m,NET,38.45100294241656
