level_c,level_f,samples,scaler,method,MPE
0,1,724,m,Ensemble,1.5235288566084506
0,0,2048,m,Ensemble,0.03590617544023262
1,2,256,m,Mean,1.4852991860017084
2,3,90,m,Mean,2.1648755629520458
3,4,32,m,Mean,11.37411052374675
4,5,11,m,Mean,21.326644108066674
5,6,4,m,Mean,66.83205934400178
