level_c,level_f,samples,scaler,method,MPE
0,2,181,m,Mean,3.6997042779734124
0,0,256,m,Mean,1.2319189781228292
2,4,128,m,Mean,8.1518581676416
