level_c,level_f,samples,scaler,method,MPE
0,2,812,m,Ensemble,1.148517733064969
0,0,2048,m,Ensemble,0.03590617544023262
2,4,322,m,Mean,1.1845243022674228
4,6,128,m,Mean,1.8965735280366838
