level_c,level_f,samples,scaler,method,MPE
0,2,406,m,Mean,1.5488121285610401
0,0,1024,m,Ensemble,0.05893963121564156
2,4,161,m,Mean,2.790248679806941
4,6,64,m,Mean,4.470338784349448
