level_c,level_f,samples,scaler,method,MPE
0,3,181,m,Mean,2.10964691450529
0,0,1024,m,Ensemble,0.05928226931818665
3,6,32,m,Mean,11.5380441390292
