level_c,level_f,samples,scaler,method,MPE
0,2,458,m,Mean,1.273688674265278
0,0,1024,m,Ensemble,0.05928226931818665
2,4,205,m,Mean,1.9401497558977527
4,6,92,m,Mean,2.6305247042967763
