level_c,level_f,samples,scaler,method,MPE
0,4,64,m,Mean,4.280920060620779
0,0,256,m,Mean,1.2319189781228292
