level_c,level_f,samples,scaler,method,MPE
0,1,152,m,Mean,4.347513070915911
0,0,512,m,Ensemble,1.5559801678685494
1,2,45,m,Mean,9.79954585620824
2,3,13,m,Mean,17.94118535120858
3,4,4,m,Mean,21.66522111441609
