level_c,level_f,samples,scaler,method,MPE
0,2,728,m,Ensemble,1.2258319164810199
0,0,2048,m,Ensemble,0.03590617544023262
2,4,258,m,Mean,1.4121617783127678
4,6,92,m,Mean,2.6305247042967763
