level_c,level_f,samples,scaler,method,MPE
0,2,434,m,Mean,2.719001063104897
0,0,2048,m,Ensemble,1.0364093515332935
2,4,92,m,Mean,8.737998640565783
