level_c,level_f,samples,scaler,method,MPE
0,2,406,m,NET,1.5961436537221825
0,0,1024,m,NET,0.4268686983011357
2,4,161,m,NET,1.957964658018687
4,6,64,m,NET,10.02275551891287
