level_c,level_f,samples,scaler,method,MPE
0,3,362,m,NET,1.6028404304479
0,0,2048,m,NET,0.3466653247522177
3,6,64,m,NET,4.978082618855115
