level_c,level_f,samples,scaler,method,MPE
0,3,64,m,NET,8.140694089354549
0,0,512,m,NET,0.5614914482880512
3,6,8,m,NET,41.56900419038848
