level_c,level_f,samples,scaler,method,MPE
0,1,724,m,Ensemble,1.4278303142753077
0,0,1024,m,Ensemble,0.05893963121564156
1,2,512,m,Ensemble,1.4277293227467367
2,3,362,m,Mean,1.840430094114558
3,4,256,m,Mean,1.5204212787553375
4,5,181,m,Mean,1.8756904175057754
5,6,128,m,Mean,1.9438782671070318
