level_c,level_f,samples,scaler,method,MPE
0,4,16,m,Mean,21.674455628259444
0,0,256,m,Mean,1.2319189781228292
