level_c,level_f,samples,scaler,method,MPE
0,6,92,m,Mean,2.870434285264298
0,0,256,m,Mean,0.3535163144923483
