level_c,level_f,samples,scaler,method,MPE
0,2,217,m,Mean,3.279177123899496
0,0,512,m,Ensemble,1.2176164966882093
2,4,92,m,Mean,8.737998640565783
