level_c,level_f,samples,scaler,method,MPE
0,1,861,m,Ensemble,2.3441092058779236
0,0,2048,m,Ensemble,1.1188813358573864
1,2,362,m,Mean,5.219630206658282
2,3,152,m,Mean,7.081808439547989
3,4,64,m,Mean,8.93179783041294
