level_c,level_f,samples,scaler,method,MPE
0,1,1024,m,NET,1.3838103764459189
0,0,2048,m,NET,0.3466653247522177
1,2,512,m,NET,1.4174125937122222
2,3,256,m,NET,1.7110400887651818
3,4,128,m,NET,3.7859757457194436
4,5,64,m,NET,5.94802771060048
5,6,32,m,NET,10.57278322196583
