level_c,level_f,samples,scaler,method,MPE
0,2,90,m,Mean,4.857642946847687
0,0,2048,m,Ensemble,1.0364093515332935
2,4,4,m,Mean,42.11417088444868
