level_c,level_f,samples,scaler,method,MPE
0,2,256,m,NET,2.8494983685263224
0,0,2048,m,NET,0.3466653247522177
2,4,32,m,NET,13.820843249697473
4,6,4,m,NET,82.6688211521335
