level_c,level_f,samples,scaler,method,MPE
0,3,128,m,Mean,4.52102726685891
0,0,2048,m,Ensemble,0.035612394173760234
3,6,8,m,Mean,36.33324867561574
