level_c,level_f,samples,scaler,method,MPE
0,3,362,m,NET,1.6028404304479
0,0,1024,m,NET,0.4268686983011357
3,6,128,m,NET,2.676632271552118
