level_c,level_f,samples,scaler,method,MPE
0,2,128,m,Mean,3.5737246909361544
0,0,512,m,Ensemble,1.5559801678685494
2,3,64,m,Mean,7.952523013654747
3,4,32,m,Mean,11.463325044783259
