level_c,level_f,samples,scaler,method,MPE
0,3,64,m,Mean,4.698875396765115
0,0,256,m,Mean,0.4038536758713499
3,6,16,m,Mean,19.93117153003095
