level_c,level_f,samples,scaler,method,MPE
0,1,724,m,NET,1.449991414161862
0,0,2048,m,NET,0.3466653247522177
1,2,256,m,NET,1.9714390530979762
2,3,90,m,NET,2.896822482911732
3,4,32,m,NET,13.10484122346138
4,5,11,m,NET,42.226463916059224
5,6,4,m,NET,82.22821923448582
