level_c,level_f,samples,scaler,method,MPE
0,1,181,m,Mean,3.5867905862475062
0,0,256,m,Mean,2.0155601042339577
1,2,128,m,Mean,6.504524579593708
2,3,90,m,Mean,7.306265597529306
3,4,64,m,Mean,8.93179783041294
