level_c,level_f,samples,scaler,method,MPE
0,1,724,m,NET,1.449991414161862
0,0,1024,m,NET,0.4268686983011357
1,2,512,m,NET,1.4174125937122222
2,3,362,m,NET,1.528491674748555
3,4,256,m,NET,1.9271802032088583
4,5,181,m,NET,1.8937728861075482
5,6,128,m,NET,2.8817270733281695
