level_c,level_f,samples,scaler,method,MPE
0,3,181,m,NET,2.320329235631265
0,0,2048,m,NET,0.3466653247522177
3,6,16,m,NET,17.454762340336384
