level_c,level_f,samples,scaler,method,MPE
0,2,512,m,Ensemble,2.3197127492186014
0,0,2048,m,Ensemble,1.0364093515332935
2,3,256,m,Mean,6.081151963258378
3,4,128,m,Mean,15.271848783013315
