level_c,level_f,samples,scaler,method,MPE
0,1,942,m,Ensemble,3.2113055874385896
0,0,2048,m,Ensemble,1.0364093515332935
1,2,434,m,Mean,4.790599833531426
2,3,199,m,Mean,6.246151256908066
3,4,92,m,Mean,15.263649133736898
