level_c,level_f,samples,scaler,method,MPE
0,2,45,m,Mean,5.330523136922216
0,0,512,m,Ensemble,1.5559801678685494
2,3,13,m,Mean,17.94118535120858
3,4,4,m,Mean,21.66522111441609
