level_c,level_f,samples,scaler,method,MPE
0,1,1290,m,NET,1.3050228439274123
0,0,2048,m,NET,0.3466653247522177
1,2,812,m,NET,1.468741946835908
2,3,512,m,NET,1.576815595313922
3,4,322,m,NET,1.404888536146537
4,5,203,m,NET,2.250099457566049
5,6,128,m,NET,2.8817270733281695
