level_c,level_f,samples,scaler,method,MPE
0,1,333,m,Mean,4.754128860937286
0,0,512,m,Ensemble,1.2176164966882093
1,2,217,m,Mean,6.171504324174622
2,3,141,m,Mean,7.93563362651186
3,4,92,m,Mean,15.263649133736898
