level_c,level_f,samples,scaler,method,MPE
0,2,458,m,Mean,1.541874642979671
0,0,1024,m,Ensemble,0.05893963121564156
2,4,205,m,Mean,1.7265640553992656
4,6,92,m,Mean,3.3887904199412504
