level_c,level_f,samples,scaler,method,MPE
0,2,458,m,NET,1.4283835541239978
0,0,1024,m,NET,0.4268686983011357
2,4,205,m,NET,2.024143571451871
4,6,92,m,NET,5.496874942408649
