level_c,level_f,samples,scaler,method,MPE
0,2,161,m,Mean,2.62608564089143
0,0,1024,m,Ensemble,0.05893963121564156
2,4,25,m,Mean,11.876334654363088
4,6,4,m,Mean,61.45762855653006
