level_c,level_f,samples,scaler,method,MPE
0,2,362,m,Mean,2.356857568037631
0,0,1024,m,Ensemble,1.2448517107852641
2,4,128,m,Mean,6.146477213795687
