level_c,level_f,samples,scaler,method,MPE
0,2,256,m,Mean,1.6295276611124854
0,0,512,m,Ensemble,0.09833811248710189
2,4,128,m,Mean,1.8361223239379252
4,6,64,m,Mean,6.245399077998302
