level_c,level_f,samples,scaler,method,MPE
0,2,728,m,NET,1.3919264544149865
0,0,2048,m,NET,0.3466653247522177
2,4,258,m,NET,1.9743141581319297
4,6,92,m,NET,5.496874942408649
