level_c,level_f,samples,scaler,method,MPE
0,3,64,m,NET,8.140694089354549
0,0,256,m,NET,0.638414645772956
3,6,16,m,NET,17.454762340336384
