Time,MSE_mean,MSE_std,MSE_wass_dist,std_MSE_mean,std_MSE_std,std_MSE_wass
0.7899603745043275,0.0162015531977665,0.07298363098803833,0.3779069209724816,0.0004329166939231543,0.006083962871915257,0.12723476936425723
4.820129627734423,0.008081532748464298,0.04168302231180708,0.19895211273932106,7.346636122558401e-05,0.002356813548935842,0.023803123112275115
29.097069506347182,0.003905273889985393,0.01693663094999018,0.09574178636735811,2.0083597353717612e-05,0.00036848164434883924,0.005380861330919794
