Time,MSE_mean,MSE_std,MSE_wass_dist,std_MSE_mean,std_MSE_std,std_MSE_wass
0.8302352162003516,0.0109393167906745,0.050356695567980655,0.3298660828282764,0.000149942371807562,0.0034481883831244176,0.0702992515031708
1.6704712547063827,0.010074761018546872,0.04015329290558057,0.29003731957604983,0.0001261419167791541,0.0027528087870799575,0.04219150238166144
1.8116704184710979,0.009729484026047622,0.0558720885149267,0.2614795804766762,9.61305039592364e-05,0.004122154750654787,0.04256246328353111
3.6465393276512623,0.00604366279466049,0.033309994249531495,0.17367430483285975,4.572020858983308e-05,0.001536920384354904,0.01617939907023989
7.295710973143578,0.004569802104344698,0.018260150260033227,0.1308120786831036,4.157922926823976e-05,0.00044561805626729925,0.009005282835799194
28.35994870728254,0.001193758395597241,0.00432310672671653,0.0661084753276767,2.1654777699464284e-06,2.50348889387414e-05,0.0011001018599063983
