Time,MSE_mean,MSE_std,MSE_wass_dist,std_MSE_mean,std_MSE_std,std_MSE_wass
0.7684631299972534,0.011045201745128215,0.24216725075598153,0.45048998004963803,2.092864342153518e-05,0.0018818504312421202,0.007368793891209544
1.6137725729942323,0.0022403721082745317,0.12231801991026021,0.2128938035442227,4.499159548101169e-06,0.0008909539029948973,0.006077691644570539
2.459082015991211,0.0014631650864035603,0.03375186141671093,0.06622161834669314,2.5059632593126403e-06,0.00033681207170565403,0.0017926892305826893
5.071856657981873,0.0011298522105477153,0.017582111804592994,0.047376138632578314,2.2390118864289813e-06,0.0001508688846502975,0.0008981826723822211
9.990020689964295,0.001998930043992637,0.006190486403237963,0.0491959926050469,3.906082807748074e-06,5.193793111849342e-05,0.0015095736363041506
15.446108912944794,0.0013043598510843492,0.007575580698786746,0.03357510642453711,2.031177184754851e-06,6.656224329033359e-05,0.0005732817862113865
