level_c,level_f,samples,scaler,method,MPE
0,6,16,m,Mean,13.435690369564234
0,0,1024,m,Ensemble,0.05928226931818665
