level_c,level_f,samples,scaler,method,MPE
0,3,45,m,Mean,7.3736403231148895
0,0,512,m,Ensemble,0.09833811248710189
3,6,4,m,Mean,66.00881302761167
