level_c,level_f,samples,scaler,method,MPE
0,2,322,m,Mean,1.9346428380337226
0,0,1024,m,Ensemble,0.05893963121564156
2,4,101,m,Mean,2.7573249980356533
4,6,32,m,Mean,7.0018779763675205
