level_c,level_f,samples,scaler,method,MPE
0,1,256,m,Mean,4.804771958886187
0,0,1024,m,Ensemble,1.0648929778567888
1,2,64,m,Mean,8.661759633643907
2,3,16,m,Mean,19.468253617718165
3,4,4,m,Mean,50.85303862124078
