level_c,level_f,samples,scaler,method,MPE
0,6,128,m,NET,2.3149216025217445
0,0,512,m,NET,0.5614914482880512
