level_c,level_f,samples,scaler,method,MPE
0,2,64,m,Mean,5.30333327336519
0,0,512,m,Ensemble,1.5559801678685494
2,4,8,m,Mean,16.90496630699594
