level_c,level_f,samples,scaler,method,MPE
0,1,1024,m,Ensemble,1.3171232093932155
0,0,2048,m,Ensemble,0.035612394173760234
1,2,512,m,Ensemble,1.4277293227467367
2,3,256,m,Mean,1.3674294760958934
3,4,128,m,Mean,2.356001880328359
4,5,64,m,Mean,4.511678143471889
5,6,32,m,Mean,7.61478986224785
