level_c,level_f,samples,scaler,method,MPE
0,2,217,m,Mean,2.81872402545556
0,0,512,m,Ensemble,1.5559801678685494
2,3,141,m,Mean,6.634938491123251
3,4,92,m,Mean,8.069655799889476
