level_c,level_f,samples,scaler,method,MPE
0,3,217,m,NET,2.5092024757168865
0,0,512,m,NET,0.5614914482880512
3,6,92,m,NET,4.57720858011287
