level_c,level_f,samples,scaler,method,MPE
0,3,90,m,NET,4.147745856816696
0,0,1024,m,NET,0.4268686983011357
3,6,8,m,NET,41.56900419038848
