level_c,level_f,samples,scaler,method,MPE
0,1,608,m,Ensemble,2.6878599725169705
0,0,2048,m,Ensemble,1.1188813358573864
1,2,181,m,Mean,6.37160001290715
2,3,53,m,Mean,9.176238043801346
3,4,16,m,Mean,14.789491195508726
