level_c,level_f,samples,scaler,method,MPE
0,2,288,m,Mean,1.7295932989616667
0,0,512,m,Ensemble,0.09833811248710189
2,4,163,m,Mean,1.7278300371499904
4,6,92,m,Mean,2.6305247042967763
