level_c,level_f,samples,scaler,method,MPE
0,1,512,m,Ensemble,1.4419109986390977
0,0,1024,m,Ensemble,0.05893963121564156
1,2,256,m,Mean,1.5813507312008843
2,3,128,m,Mean,1.9721963846579524
3,4,64,m,Mean,5.050771592283883
4,5,32,m,Mean,6.9757777888219765
5,6,16,m,Mean,19.852333656279516
