level_c,level_f,samples,scaler,method,MPE
0,3,306,m,Mean,1.7278394490825835
0,0,1024,m,Ensemble,0.05928226931818665
3,6,92,m,Mean,2.7279739576863524
