level_c,level_f,samples,scaler,method,MPE
0,2,512,m,Ensemble,1.2764007108070141
0,0,2048,m,Ensemble,0.03590617544023262
2,4,128,m,Mean,1.8361223239379252
4,6,32,m,Mean,11.798451599912086
