level_c,level_f,samples,scaler,method,MPE
0,1,256,m,NET,1.971736156339467
0,0,512,m,NET,0.5614914482880512
1,2,128,m,NET,2.67038117341514
2,3,64,m,NET,10.555374826614186
3,4,32,m,NET,13.10484122346138
4,5,16,m,NET,17.593966303745237
5,6,8,m,NET,38.45100294241656
