level_c,level_f,samples,scaler,method,MPE
0,3,90,m,Mean,2.5128430882189963
0,0,1024,m,Ensemble,0.05928226931818665
3,6,8,m,Mean,28.198023878192334
