level_c,level_f,samples,scaler,method,MPE
0,6,4,m,NET,75.92638258253221
0,0,1024,m,NET,0.4268686983011357
