level_c,level_f,samples,scaler,method,MPE
0,2,181,m,Mean,3.633605645585197
0,0,2048,m,Ensemble,1.1188813358573864
2,4,16,m,Mean,13.520398335001863
