level_c,level_f,samples,scaler,method,MPE
0,3,45,m,Mean,7.3736403231148895
0,0,256,m,Mean,0.3535163144923483
3,6,8,m,Mean,28.198023878192334
