level_c,level_f,samples,scaler,method,MPE
0,1,152,m,Mean,4.8646311524770365
0,0,256,m,Mean,1.2319189781228292
1,2,90,m,Mean,9.541639580217934
2,3,53,m,Mean,8.268960961269855
3,4,32,m,Mean,20.600967973207794
