level_c,level_f,samples,scaler,method,MPE
0,2,128,m,Mean,3.5737246909361544
0,0,2048,m,Ensemble,1.1188813358573864
2,4,8,m,Mean,16.90496630699594
