level_c,level_f,samples,scaler,method,MPE
0,6,92,m,NET,4.532977857672534
0,0,256,m,NET,0.638414645772956
