level_c,level_f,samples,scaler,method,MPE
0,2,406,m,Mean,1.5488121285610401
0,0,2048,m,Ensemble,0.035612394173760234
2,4,80,m,Mean,4.563223294642657
4,6,16,m,Mean,12.718250383475013
