level_c,level_f,samples,scaler,method,MPE
0,4,92,m,Mean,3.314272268608893
0,0,256,m,Mean,2.0155601042339577
