level_c,level_f,samples,scaler,method,MPE
0,2,322,m,Mean,1.5822828562765578
0,0,2048,m,Ensemble,0.03590617544023262
2,4,50,m,Mean,6.462463667240177
4,6,8,m,Mean,31.41463761642357
