level_c,level_f,samples,scaler,method,MPE
0,2,306,m,Mean,3.1016986822349097
0,0,1024,m,Ensemble,1.0648929778567888
2,4,92,m,Mean,8.737998640565783
