level_c,level_f,samples,scaler,method,MPE
0,2,128,m,Mean,3.499710800814838
0,0,256,m,Mean,0.4038536758713499
2,4,64,m,Mean,4.2731120293486216
4,6,32,m,Mean,7.0018779763675205
