level_c,level_f,samples,scaler,method,MPE
0,2,64,m,Mean,5.30333327336519
0,0,1024,m,Ensemble,1.2448517107852641
2,3,16,m,Mean,14.278248778366445
3,4,4,m,Mean,21.66522111441609
