level_c,level_f,samples,scaler,method,MPE
0,1,430,m,Mean,2.7444874410149476
0,0,2048,m,Ensemble,1.1188813358573864
1,2,90,m,Mean,7.0248667019386755
2,3,19,m,Mean,14.884971530812141
3,4,4,m,Mean,21.66522111441609
