level_c,level_f,samples,scaler,method,MPE
0,2,406,m,NET,1.5961436537221825
0,0,2048,m,NET,0.3466653247522177
2,4,80,m,NET,4.189665347132678
4,6,16,m,NET,16.97552553660574
