level_c,level_f,samples,scaler,method,MPE
0,3,256,m,Mean,2.152994504381457
0,0,512,m,Ensemble,0.10115727580521032
3,6,128,m,Mean,2.1553171848287174
