level_c,level_f,samples,scaler,method,MPE
0,3,512,m,NET,1.3435090717857485
0,0,2048,m,NET,0.3466653247522177
3,6,128,m,NET,2.676632271552118
