Time,MSE_mean,MSE_std,MSE_wass_dist,std_MSE_mean,std_MSE_std,std_MSE_wass
0.7899603745043275,0.016364650154166285,0.06958298128549835,0.38023371464800565,0.00033927997380931194,0.005548801546705782,0.10374932650877787
4.820129627734423,0.008111990853803269,0.0408488607178066,0.20253829708239332,9.542879849876956e-05,0.0023627894338177505,0.027809981735601095
29.097069506347182,0.005606268108006669,0.0182595918417236,0.12108317779780656,4.986590008466208e-05,0.0004992480094876597,0.01594652015997997
