Time,MSE_mean,MSE_std,MSE_wass_dist,std_MSE_mean,std_MSE_std,std_MSE_wass
1.1526946949958798,0.021886410087461814,0.0925794589662478,0.3885536704811795,5.6002379806106186e-05,0.0007947726500661178,0.01679245954961119
1.6137725729942323,0.01156486646294354,0.1406034917548574,0.3720327204017885,2.7630795230354882e-05,0.001241803976344952,0.005842447717866702
4.918164031982422,0.004687702620530245,0.07126168413137969,0.14627204727377288,1.0757851049908328e-05,0.0006085344868584502,0.00394472855359927
14.677645782947545,0.002477437433889877,0.004677748000081613,0.05523171433646947,6.801503645664863e-06,2.440129847262656e-05,0.002156939361444163
24.74451278591156,0.002819965220719384,0.004928324139050004,0.05373792823720667,6.79317065708618e-06,3.4815348637341433e-05,0.002167178461229547
