Time,MSE_mean,MSE_std,MSE_wass_dist,std_MSE_mean,std_MSE_std,std_MSE_wass
0.73,0.014606420205867773,0.08502563897002823,0.2652523921992164,3.9551061122685006e-05,0.0012056539582545617,0.012624987443125828
1.04,0.0018597018966040816,0.04830624905579492,0.10693702204326597,3.8569883164619074e-06,0.0006303612259248558,0.0022901587277933282
2.69,0.0011426641500298482,0.01351655470325722,0.03774577319702034,1.707001492969275e-06,0.00014949122752001416,0.0006331917625576902
5.39,0.0018103017330579644,0.004699600406237675,0.037897966409429516,3.842782448991387e-06,2.7862479943681093e-05,0.0011375052814980866
18.99,0.002082625307672753,0.006324503971838266,0.04177489607490039,3.968036402782217e-06,7.819453653910727e-05,0.0012555612877356015
