Time,MSE_mean,MSE_std,MSE_wass_dist,std_MSE_mean,std_MSE_std,std_MSE_wass
0.4151176081001758,0.017451275409064722,0.07822298749408302,0.4496959230940115,0.00027309866167985787,0.006396463132654544,0.1827762191352248
0.8302352162003516,0.013172381987991958,0.06589805101480727,0.3343747401069082,0.00017752915293741124,0.007803811269221578,0.08870152677236062
1.6704712547063827,0.011303939972103976,0.04096156328470827,0.30137209976105495,0.00016905730803063322,0.0023499460333717623,0.06782379748812242
1.8116704184710979,0.010138638666369796,0.05170943920572521,0.25746339623779124,0.0001122057898508019,0.0033210415947059918,0.036184206658732655
3.6465393276512623,0.007388317187734434,0.03647843532725278,0.1914993712623191,5.4874628805392585e-05,0.0018727212262041352,0.018926916307127586
7.295710973143578,0.007285346420650096,0.021313007692181824,0.1576488811151692,5.829605982319521e-05,0.0007613410204436889,0.016664070627080575
28.35994870728254,0.004896788362850593,0.010716434483370337,0.10682054176313577,1.9798904543252186e-05,0.00020243275539174528,0.0060780899941165634
