level_c,level_f,samples,scaler,method,MPE
0,1,456,m,NET,2.9829586875921956
0,0,1024,m,NET,0.4268686983011357
1,2,203,m,NET,1.6736334531646389
2,3,90,m,NET,2.896822482911732
3,4,40,m,NET,8.50046758197652
4,5,17,m,NET,19.224447802714373
5,6,8,m,NET,38.45100294241656
