level_c,level_f,samples,scaler,method,MPE
0,1,362,m,NET,1.7613654230663047
0,0,512,m,NET,0.5614914482880512
1,2,256,m,NET,1.9714390530979762
2,3,181,m,NET,2.9859111795905524
3,4,128,m,NET,3.7859757457194436
4,5,90,m,NET,3.1697462672478425
5,6,64,m,NET,7.217234666933936
