level_c,level_f,samples,scaler,method,MPE
0,1,90,m,Mean,5.4342186521309355
0,0,256,m,Mean,2.0155601042339577
1,2,32,m,Mean,11.764515497979506
2,3,11,m,Mean,17.017564648873122
3,4,4,m,Mean,21.66522111441609
