level_c,level_f,samples,scaler,method,MPE
0,4,32,m,Mean,5.823922922318974
0,0,256,m,Mean,2.0155601042339577
