level_c,level_f,samples,scaler,method,MPE
0,2,90,m,Mean,4.750516225519975
0,0,2048,m,Ensemble,1.1188813358573864
2,3,19,m,Mean,14.884971530812141
3,4,4,m,Mean,21.66522111441609
