level_c,level_f,samples,scaler,method,MPE
0,6,32,m,Mean,11.562276261513471
0,0,1024,m,Ensemble,0.05928226931818665
