level_c,level_f,samples,scaler,method,MPE
0,1,574,m,Ensemble,1.4937071671245057
0,0,1024,m,Ensemble,0.05928226931818665
1,2,322,m,Mean,1.3996187520751202
2,3,181,m,Mean,1.5393805815837576
3,4,101,m,Mean,2.0499508737828487
4,5,57,m,Mean,6.67103271908946
5,6,32,m,Mean,12.325118285789872
