level_c,level_f,samples,scaler,method,MPE
0,1,861,m,Ensemble,3.4219575571896406
0,0,2048,m,Ensemble,1.0364093515332935
1,2,362,m,Mean,5.341484222332708
2,3,152,m,Mean,8.340665980240164
3,4,64,m,Mean,15.404201793750245
