level_c,level_f,samples,scaler,method,MPE
0,2,203,m,NET,2.8759663869406302
0,0,256,m,NET,0.638414645772956
2,4,161,m,NET,1.957964658018687
4,6,128,m,NET,3.1087876860925983
