level_c,level_f,samples,scaler,method,MPE
0,1,942,m,Ensemble,2.353031736524006
0,0,2048,m,Ensemble,1.1188813358573864
1,2,434,m,Mean,5.495650774381029
2,3,199,m,Mean,6.0910008194044485
3,4,92,m,Mean,8.069655799889476
