level_c,level_f,samples,scaler,method,MPE
0,3,256,m,Mean,2.152994504381457
0,0,2048,m,Ensemble,0.035612394173760234
3,6,32,m,Mean,7.529602650383584
