level_c,level_f,samples,scaler,method,MPE
0,1,181,m,Mean,2.077999797740935
0,0,256,m,Mean,0.3535163144923483
1,2,128,m,Mean,2.6621617294166304
2,3,90,m,Mean,2.1648755629520458
3,4,64,m,Mean,5.710168246470252
4,5,45,m,Mean,6.557945417469749
5,6,32,m,Mean,12.325118285789872
