level_c,level_f,samples,scaler,method,MPE
0,1,128,m,Mean,2.9109236773882503
0,0,256,m,Mean,0.3535163144923483
1,2,64,m,Mean,8.51511101984939
2,3,32,m,Mean,12.000032984367587
3,4,16,m,Mean,14.445401449834055
4,5,8,m,Mean,29.80238640676361
5,6,4,m,Mean,66.83205934400178
