level_c,level_f,samples,scaler,method,MPE
0,2,161,m,NET,3.6619708895703753
0,0,256,m,NET,0.638414645772956
2,4,101,m,NET,4.128076688057575
4,6,64,m,NET,10.02275551891287
