level_c,level_f,samples,scaler,method,MPE
0,1,128,m,NET,4.748254239679704
0,0,256,m,NET,0.638414645772956
1,2,64,m,NET,6.618167048610879
2,3,32,m,NET,11.102220307636962
3,4,16,m,NET,17.74905887019798
4,5,8,m,NET,38.65766655114263
5,6,4,m,NET,82.22821923448582
