level_c,level_f,samples,scaler,method,MPE
0,1,304,m,Mean,2.935354717866237
0,0,512,m,Ensemble,1.5559801678685494
1,2,181,m,Mean,6.37160001290715
2,3,107,m,Mean,6.687934166145193
3,4,64,m,Mean,8.93179783041294
