level_c,level_f,samples,scaler,method,MPE
0,2,512,m,NET,1.6140109261534992
0,0,2048,m,NET,0.3466653247522177
2,4,128,m,NET,3.0384661597061
4,6,32,m,NET,11.048402316350984
