level_c,level_f,samples,scaler,method,MPE
0,3,181,m,Mean,2.475207538744396
0,0,512,m,Ensemble,0.10115727580521032
3,6,64,m,Mean,4.57861702710116
