level_c,level_f,samples,scaler,method,MPE
0,1,812,m,Ensemble,1.4320827731518488
0,0,2048,m,Ensemble,0.03590617544023262
1,2,322,m,Mean,1.3996187520751202
2,3,128,m,Mean,2.678520774281654
3,4,50,m,Mean,6.574735540015078
4,5,20,m,Mean,15.474187346568986
5,6,8,m,Mean,27.693432793173113
