level_c,level_f,samples,scaler,method,MPE
0,3,90,m,NET,4.147745856816696
0,0,256,m,NET,0.638414645772956
3,6,32,m,NET,18.071647605792542
