level_c,level_f,samples,scaler,method,MPE
0,2,64,m,Mean,5.029911245448629
0,0,1024,m,Ensemble,1.0648929778567888
2,4,4,m,Mean,42.11417088444868
