level_c,level_f,samples,scaler,method,MPE
0,4,32,m,Mean,6.8163873374224915
0,0,256,m,Mean,1.2319189781228292
