level_c,level_f,samples,scaler,method,MPE
0,3,128,m,Mean,3.0598416522612326
0,0,512,m,Ensemble,0.09833811248710189
3,6,32,m,Mean,11.5380441390292
