level_c,level_f,samples,scaler,method,MPE
0,3,128,m,Mean,4.52102726685891
0,0,1024,m,Ensemble,0.05893963121564156
3,6,16,m,Mean,19.93117153003095
