level_c,level_f,samples,scaler,method,MPE
0,1,203,m,Mean,2.0567788331206263
0,0,256,m,Mean,0.4038536758713499
1,2,161,m,Mean,2.439380768278123
2,3,128,m,Mean,1.9721963846579524
3,4,101,m,Mean,3.130679803661412
4,5,80,m,Mean,3.754578368748324
5,6,64,m,Mean,5.186121655094981
