level_c,level_f,samples,scaler,method,MPE
0,2,64,m,Mean,5.30333327336519
0,0,256,m,Mean,2.0155601042339577
2,4,16,m,Mean,13.520398335001863
