level_c,level_f,samples,scaler,method,MPE
0,3,32,m,Mean,12.10183354519296
0,0,256,m,Mean,0.3535163144923483
3,6,4,m,Mean,66.00881302761167
