level_c,level_f,samples,scaler,method,MPE
0,1,304,m,Mean,4.577965618057168
0,0,1024,m,Ensemble,1.0648929778567888
1,2,90,m,Mean,9.541639580217934
2,3,26,m,Mean,17.662408303546965
3,4,8,m,Mean,35.121957247545666
