level_c,level_f,samples,scaler,method,MPE
0,2,812,m,Ensemble,1.1063689780037038
0,0,2048,m,Ensemble,0.035612394173760234
2,4,322,m,Mean,1.4460641690929288
4,6,128,m,Mean,2.788699640018304
