level_c,level_f,samples,scaler,method,MPE
0,1,1024,m,Ensemble,3.1686106144805546
0,0,2048,m,Ensemble,1.0364093515332935
1,2,512,m,Ensemble,4.598026824914025
2,3,256,m,Mean,6.081151963258378
3,4,128,m,Mean,15.271848783013315
