level_c,level_f,samples,scaler,method,MPE
0,2,161,m,NET,3.6619708895703753
0,0,512,m,NET,0.5614914482880512
2,4,50,m,NET,9.641203021064099
4,6,16,m,NET,16.97552553660574
