level_c,level_f,samples,scaler,method,MPE
0,3,181,m,Mean,2.10964691450529
0,0,512,m,Ensemble,0.09833811248710189
3,6,64,m,Mean,6.3467841716712
