level_c,level_f,samples,scaler,method,MPE
0,1,215,m,Mean,3.948109544656013
0,0,512,m,Ensemble,1.5559801678685494
1,2,90,m,Mean,7.0248667019386755
2,3,38,m,Mean,10.518145309195159
3,4,16,m,Mean,14.789491195508726
