level_c,level_f,samples,scaler,method,MPE
0,2,161,m,Mean,2.1279929088824274
0,0,512,m,Ensemble,0.09833811248710189
2,4,50,m,Mean,6.462463667240177
4,6,16,m,Mean,15.665694163152322
