level_c,level_f,samples,scaler,method,MPE
0,3,128,m,NET,2.833437837039884
0,0,256,m,NET,0.638414645772956
3,6,64,m,NET,4.978082618855115
