level_c,level_f,samples,scaler,method,MPE
0,1,256,m,Mean,1.9509891861304165
0,0,512,m,Ensemble,0.09833811248710189
1,2,128,m,Mean,2.6621617294166304
2,3,64,m,Mean,6.367640811593255
3,4,32,m,Mean,11.37411052374675
4,5,16,m,Mean,15.051143527194158
5,6,8,m,Mean,27.693432793173113
