level_c,level_f,samples,scaler,method,MPE
0,3,181,m,Mean,2.10964691450529
0,0,256,m,Mean,0.3535163144923483
3,6,128,m,Mean,1.8245556403329637
