level_c,level_f,samples,scaler,method,MPE
0,3,153,m,NET,5.368403505983609
0,0,256,m,NET,0.638414645772956
3,6,92,m,NET,4.57720858011287
