level_c,level_f,samples,scaler,method,MPE
0,3,90,m,NET,4.147745856816696
0,0,512,m,NET,0.5614914482880512
3,6,16,m,NET,17.454762340336384
