level_c,level_f,samples,scaler,method,MPE
0,2,32,m,Mean,10.316309285188828
0,0,256,m,Mean,1.2319189781228292
2,4,4,m,Mean,42.11417088444868
