level_c,level_f,samples,scaler,method,MPE
0,2,45,m,Mean,8.733273787753536
0,0,256,m,Mean,1.2319189781228292
2,4,8,m,Mean,39.69193253170716
