level_c,level_f,samples,scaler,method,MPE
0,1,304,m,Mean,4.577965618057168
0,0,512,m,Ensemble,1.2176164966882093
1,2,181,m,Mean,6.455723794936949
2,3,107,m,Mean,8.58846710647285
3,4,64,m,Mean,15.404201793750245
