level_c,level_f,samples,scaler,method,MPE
0,2,434,m,Mean,1.992604034824742
0,0,2048,m,Ensemble,1.1188813358573864
2,3,199,m,Mean,6.0910008194044485
3,4,92,m,Mean,8.069655799889476
