level_c,level_f,samples,scaler,method,MPE
0,4,64,m,Mean,4.327138620903628
0,0,256,m,Mean,2.0155601042339577
