level_c,level_f,samples,scaler,method,MPE
0,2,256,m,Mean,3.091217134828353
0,0,512,m,Ensemble,1.2176164966882093
2,4,128,m,Mean,8.1518581676416
