level_c,level_f,samples,scaler,method,MPE
0,3,256,m,NET,2.3194073166743983
0,0,1024,m,NET,0.4268686983011357
3,6,64,m,NET,4.978082618855115
