level_c,level_f,samples,scaler,method,MPE
0,2,181,m,Mean,3.6997042779734124
0,0,1024,m,Ensemble,1.0648929778567888
2,4,32,m,Mean,16.182633793615324
