level_c,level_f,samples,scaler,method,MPE
0,2,101,m,Mean,4.026185918824439
0,0,256,m,Mean,0.4038536758713499
2,4,40,m,Mean,5.509989161294094
4,6,16,m,Mean,12.718250383475013
