level_c,level_f,samples,scaler,method,MPE
0,1,215,m,NET,2.549384645862335
0,0,256,m,NET,0.638414645772956
1,2,182,m,NET,4.339952698492213
2,3,153,m,NET,4.065965667364012
3,4,129,m,NET,3.1997592350720345
4,5,109,m,NET,3.782694356452202
5,6,92,m,NET,4.506569567671564
