level_c,level_f,samples,scaler,method,MPE
0,1,685,m,Ensemble,1.3782646142702277
0,0,1024,m,Ensemble,0.05893963121564156
1,2,458,m,Mean,1.258812206313591
2,3,306,m,Mean,1.4862327183857604
3,4,205,m,Mean,1.5650001517078178
4,5,137,m,Mean,2.1445166562421316
5,6,92,m,Mean,3.178039634340339
