level_c,level_f,samples,scaler,method,MPE
0,1,1149,m,Ensemble,1.677578206689534
0,0,2048,m,Ensemble,0.03590617544023262
1,2,645,m,Ensemble,1.0151417269617453
2,3,362,m,Mean,1.1509531013742476
3,4,203,m,Mean,1.8731539115116638
4,5,114,m,Mean,2.089502963557771
5,6,64,m,Mean,5.272595987397743
