level_c,level_f,samples,scaler,method,MPE
0,1,362,m,Mean,4.1504935393681315
0,0,512,m,Ensemble,1.2176164966882093
1,2,256,m,Mean,5.680500292447082
2,3,181,m,Mean,7.022629086833465
3,4,128,m,Mean,15.271848783013315
