level_c,level_f,samples,scaler,method,MPE
0,2,80,m,Mean,4.919020688633954
0,0,256,m,Mean,0.4038536758713499
2,4,25,m,Mean,11.876334654363088
4,6,8,m,Mean,35.08359705424066
