level_c,level_f,samples,scaler,method,MPE
0,2,128,m,Mean,3.499710800814838
0,0,512,m,Ensemble,0.10115727580521032
2,4,32,m,Mean,7.7743308209940105
4,6,8,m,Mean,35.08359705424066
