level_c,level_f,samples,scaler,method,MPE
0,1,574,m,Ensemble,1.4735079484343236
0,0,1024,m,Ensemble,0.05893963121564156
1,2,322,m,Mean,2.0899742003812216
2,3,181,m,Mean,2.0365569831552537
3,4,101,m,Mean,3.130679803661412
4,5,57,m,Mean,6.228047641938388
5,6,32,m,Mean,7.61478986224785
