level_c,level_f,samples,scaler,method,MPE
0,2,322,m,NET,1.963502533863912
0,0,1024,m,NET,0.4268686983011357
2,4,101,m,NET,4.128076688057575
4,6,32,m,NET,11.048402316350984
