level_c,level_f,samples,scaler,method,MPE
0,6,92,m,Mean,3.551139576334556
0,0,256,m,Mean,0.4038536758713499
