level_c,level_f,samples,scaler,method,MPE
0,1,181,m,Mean,5.375838741454615
0,0,256,m,Mean,1.2319189781228292
1,2,128,m,Mean,7.185605119038509
2,3,90,m,Mean,9.705171284174783
3,4,64,m,Mean,15.404201793750245
