level_c,level_f,samples,scaler,method,MPE
0,1,512,m,Ensemble,1.4412371093355076
0,0,1024,m,Ensemble,0.05928226931818665
1,2,256,m,Mean,1.4852991860017084
2,3,128,m,Mean,2.678520774281654
3,4,64,m,Mean,5.710168246470252
4,5,32,m,Mean,10.861860745340508
5,6,16,m,Mean,15.573473844147465
