level_c,level_f,samples,scaler,method,MPE
0,2,64,m,Mean,5.029911245448629
0,0,256,m,Mean,1.2319189781228292
2,3,32,m,Mean,13.377601688296476
3,4,16,m,Mean,27.037223263244982
