level_c,level_f,samples,scaler,method,MPE
0,1,645,m,Ensemble,1.5769866374381665
0,0,1024,m,Ensemble,0.05893963121564156
1,2,406,m,Mean,1.35507201650097
2,3,256,m,Mean,1.3674294760958934
3,4,161,m,Mean,2.540852400423092
4,5,101,m,Mean,3.419392544188023
5,6,64,m,Mean,5.186121655094981
