level_c,level_f,samples,scaler,method,MPE
0,2,101,m,NET,3.974163684933052
0,0,512,m,NET,0.5614914482880512
2,4,20,m,NET,17.152244437307694
4,6,4,m,NET,82.6688211521335
