level_c,level_f,samples,scaler,method,MPE
0,4,128,m,Mean,3.634892712682326
0,0,256,m,Mean,1.2319189781228292
