level_c,level_f,samples,scaler,method,MPE
0,3,90,m,Mean,3.262420577716784
0,0,1024,m,Ensemble,0.05893963121564156
3,6,8,m,Mean,36.33324867561574
