level_c,level_f,samples,scaler,method,MPE
0,4,8,m,Mean,11.931006119987766
0,0,256,m,Mean,2.0155601042339577
