level_c,level_f,samples,scaler,method,MPE
0,1,724,m,Ensemble,1.4278303142753077
0,0,2048,m,Ensemble,0.035612394173760234
1,2,256,m,Mean,1.5813507312008843
2,3,90,m,Mean,4.3500067729018745
3,4,32,m,Mean,9.708621171984893
4,5,11,m,Mean,35.38424855167696
5,6,4,m,Mean,61.72958785818212
