level_c,level_f,samples,scaler,method,MPE
0,4,4,m,Mean,19.313561530402833
0,0,256,m,Mean,2.0155601042339577
