level_c,level_f,samples,scaler,method,MPE
0,1,812,m,Ensemble,1.3782500183758342
0,0,2048,m,Ensemble,0.035612394173760234
1,2,322,m,Mean,2.0899742003812216
2,3,128,m,Mean,1.9721963846579524
3,4,50,m,Mean,6.217099663034252
4,5,20,m,Mean,15.70298769661016
5,6,8,m,Mean,32.02290577288877
