level_c,level_f,samples,scaler,method,MPE
0,1,1221,m,Ensemble,1.9145304990133616
0,0,2048,m,Ensemble,0.03590617544023262
1,2,728,m,Ensemble,1.0417404429317907
2,3,434,m,Mean,1.0987950499853592
3,4,258,m,Mean,1.1731019468390296
4,5,154,m,Mean,1.846546524582876
5,6,92,m,Mean,2.361565741644705
