level_c,level_f,samples,scaler,method,MPE
0,6,128,m,Mean,2.6215061639303436
0,0,256,m,Mean,0.4038536758713499
