level_c,level_f,samples,scaler,method,MPE
0,1,406,m,NET,1.880350819866429
0,0,1024,m,NET,0.4268686983011357
1,2,161,m,NET,2.815839291262952
2,3,64,m,NET,10.555374826614186
3,4,25,m,NET,15.344427734879016
4,5,10,m,NET,38.39782427969398
5,6,4,m,NET,82.22821923448582
