level_c,level_f,samples,scaler,method,MPE
0,2,256,m,Mean,2.6358632663932897
0,0,512,m,Ensemble,1.5559801678685494
2,3,181,m,Mean,5.918310344804456
3,4,128,m,Mean,7.456444428370447
