level_c,level_f,samples,scaler,method,MPE
0,1,215,m,Mean,3.948109544656013
0,0,256,m,Mean,2.0155601042339577
1,2,181,m,Mean,6.37160001290715
2,3,152,m,Mean,7.081808439547989
3,4,128,m,Mean,7.456444428370447
