level_c,level_f,samples,scaler,method,MPE
0,3,434,m,NET,1.3845167499091522
0,0,2048,m,NET,0.3466653247522177
3,6,92,m,NET,4.57720858011287
