level_c,level_f,samples,scaler,method,MPE
0,2,322,m,NET,1.963502533863912
0,0,512,m,NET,0.5614914482880512
2,4,203,m,NET,2.234815410654874
4,6,128,m,NET,3.1087876860925983
