level_c,level_f,samples,scaler,method,MPE
0,1,645,m,NET,1.6661881891842125
0,0,1024,m,NET,0.4268686983011357
1,2,406,m,NET,2.091128682418852
2,3,256,m,NET,1.7110400887651818
3,4,161,m,NET,2.106135408694453
4,5,101,m,NET,4.843606275013372
5,6,64,m,NET,7.217234666933936
