level_c,level_f,samples,scaler,method,MPE
0,1,406,m,Mean,2.090407007747726
0,0,512,m,Ensemble,0.10115727580521032
1,2,322,m,Mean,2.0899742003812216
2,3,256,m,Mean,1.3674294760958934
3,4,203,m,Mean,1.4961146520783901
4,5,161,m,Mean,2.642753969643475
5,6,128,m,Mean,1.9438782671070318
