level_c,level_f,samples,scaler,method,MPE
0,2,322,m,Mean,1.9346428380337226
0,0,512,m,Ensemble,0.10115727580521032
2,4,203,m,Mean,1.7195302603248415
4,6,128,m,Mean,2.788699640018304
