level_c,level_f,samples,scaler,method,MPE
0,1,228,m,NET,2.785431241851271
0,0,512,m,NET,0.5614914482880512
1,2,101,m,NET,2.783731944279381
2,3,45,m,NET,8.503656683615489
3,4,20,m,NET,20.769542291408627
4,5,8,m,NET,38.65766655114263
5,6,4,m,NET,82.22821923448582
