level_c,level_f,samples,scaler,method,MPE
0,2,256,m,Mean,1.6295276611124854
0,0,1024,m,Ensemble,0.05928226931818665
2,4,64,m,Mean,5.202594654205776
4,6,16,m,Mean,15.665694163152322
