level_c,level_f,samples,scaler,method,MPE
0,2,128,m,Mean,4.557122153724063
0,0,256,m,Mean,1.2319189781228292
2,3,90,m,Mean,9.705171284174783
3,4,64,m,Mean,15.404201793750245
