level_c,level_f,samples,scaler,method,MPE
0,1,724,m,Ensemble,1.5235288566084506
0,0,1024,m,Ensemble,0.05928226931818665
1,2,512,m,Ensemble,1.1074771036042663
2,3,362,m,Mean,1.1509531013742476
3,4,256,m,Mean,1.1986410960018326
4,5,181,m,Mean,1.5256241034600868
5,6,128,m,Mean,2.0075581345105875
