level_c,level_f,samples,scaler,method,MPE
0,2,90,m,Mean,4.750516225519975
0,0,512,m,Ensemble,1.5559801678685494
2,3,38,m,Mean,10.518145309195159
3,4,16,m,Mean,14.789491195508726
