level_c,level_f,samples,scaler,method,MPE
0,2,128,m,Mean,4.557122153724063
0,0,512,m,Ensemble,1.2176164966882093
2,4,32,m,Mean,16.182633793615324
