level_c,level_f,samples,scaler,method,MPE
0,1,384,m,NET,1.8668993647815262
0,0,512,m,NET,0.5614914482880512
1,2,288,m,NET,2.297504982250307
2,3,217,m,NET,2.4113246660687295
3,4,163,m,NET,2.453198077820093
4,5,122,m,NET,2.249090020337897
5,6,92,m,NET,4.506569567671564
