level_c,level_f,samples,scaler,method,MPE
0,6,64,m,NET,7.873273081143604
0,0,2048,m,NET,0.3466653247522177
