level_c,level_f,samples,scaler,method,MPE
0,1,560,m,Ensemble,2.6225162696587057
0,0,1024,m,Ensemble,1.2448517107852641
1,2,306,m,Mean,5.326727520250816
2,3,168,m,Mean,6.555520560731076
3,4,92,m,Mean,8.069655799889476
