level_c,level_f,samples,scaler,method,MPE
0,2,728,m,Ensemble,1.3306786767002867
0,0,2048,m,Ensemble,0.035612394173760234
2,4,258,m,Mean,2.0421352643179818
4,6,92,m,Mean,3.3887904199412504
