level_c,level_f,samples,scaler,method,MPE
0,3,90,m,Mean,2.5128430882189963
0,0,256,m,Mean,0.3535163144923483
3,6,32,m,Mean,11.5380441390292
