level_c,level_f,samples,scaler,method,MPE
0,1,406,m,Mean,2.090407007747726
0,0,1024,m,Ensemble,0.05893963121564156
1,2,161,m,Mean,2.439380768278123
2,3,64,m,Mean,4.9995866027107825
3,4,25,m,Mean,14.597004579432001
4,5,10,m,Mean,34.0063187902663
5,6,4,m,Mean,61.72958785818212
