level_c,level_f,samples,scaler,method,MPE
0,3,32,m,NET,11.077217842312077
0,0,256,m,NET,0.638414645772956
3,6,4,m,NET,82.3883581885185
