level_c,level_f,samples,scaler,method,MPE
0,3,217,m,Mean,1.7437712624424186
0,0,512,m,Ensemble,0.09833811248710189
3,6,92,m,Mean,2.7279739576863524
